switch,row,column,x_mm,y_mm,width_u,height_u,legend,diode,rgb,bypass
SW1,1,1,64.525,83.525,1,1,SIN,D1,D56,C101
SW2,1,2,83.575,83.525,1,1,COS,D2,D57,C102
SW3,1,3,102.625,83.525,1,1,TAN,D3,D58,C103
SW4,1,4,121.675,83.525,1,1,LN,D4,D59,C104
SW5,1,5,140.725,83.525,1,1,SQRT,D5,D60,C105
SW6,1,6,159.775,83.525,1,1,y^x,D6,D61,C106
SW7,1,7,178.825,83.525,1,1,1/x,D7,D62,C107
SW8,1,8,197.875,83.525,1,1,EEX,D8,D63,C108
SW9,1,9,216.925,83.525,1,1,BSP,D9,D64,C109
SW10,1,10,235.975,83.525,1,1,CLX,D10,D65,C110
SW11,2,1,64.525,102.575,1,1,A,D11,D66,C111
SW12,2,2,83.575,102.575,1,1,B,D12,D67,C112
SW13,2,3,102.625,102.575,1,1,C,D13,D68,C113
SW14,2,4,121.675,102.575,1,1,D,D14,D69,C114
SW15,2,5,140.725,102.575,1,1,E,D15,D70,C115
SW16,2,6,159.775,102.575,1,1,F,D16,D71,C116
SW17,2,7,178.825,102.575,1,1,7,D17,D72,C117
SW18,2,8,197.875,102.575,1,1,8,D18,D73,C118
SW19,2,9,216.925,102.575,1,1,9,D19,D74,C119
SW20,2,10,235.975,102.575,1,1,/,D20,D75,C120
SW21,3,1,64.525,121.625,1,1,AND,D21,D76,C121
SW22,3,2,83.575,121.625,1,1,OR,D22,D77,C122
SW23,3,3,102.625,121.625,1,1,XOR,D23,D78,C123
SW24,3,4,121.675,121.625,1,1,NOT,D24,D79,C124
SW25,3,5,140.725,121.625,1,1,SL,D25,D80,C125
SW26,3,6,159.775,121.625,1,1,SR,D26,D81,C126
SW27,3,7,178.825,121.625,1,1,4,D27,D82,C127
SW28,3,8,197.875,121.625,1,1,5,D28,D83,C128
SW29,3,9,216.925,121.625,1,1,6,D29,D84,C129
SW30,3,10,235.975,121.625,1,1,*,D30,D85,C130
SW31,4,1,64.525,140.675,1,1,HEX,D31,D86,C131
SW32,4,2,83.575,140.675,1,1,DEC,D32,D87,C132
SW33,4,3,102.625,140.675,1,1,OCT,D33,D88,C133
SW34,4,4,121.675,140.675,1,1,BIN,D34,D89,C134
SW35,4,5,140.725,140.675,1,1,x<>y,D35,D90,C135
SW37,4,7,178.825,140.675,1,1,1,D37,D92,C137
SW38,4,8,197.875,140.675,1,1,2,D38,D93,C138
SW39,4,9,216.925,140.675,1,1,3,D39,D94,C139
SW40,4,10,235.975,140.675,1,1,-,D40,D95,C140
SW41,5,1,64.525,159.725,1,1,f,D41,D96,C141
SW42,5,2,83.575,159.725,1,1,g,D42,D97,C142
SW43,5,3,102.625,159.725,1,1,STO,D43,D98,C143
SW44,5,4,121.675,159.725,1,1,RCL,D44,D99,C144
SW45,5,5,140.725,159.725,1,1,Rv,D45,D100,C145
SW46,5,6,159.775,150.2,1,2,ENTER,D46,D101,C146
SW47,5,7,178.825,159.725,1,1,0,D47,D102,C147
SW48,5,8,197.875,159.725,1,1,.,D48,D103,C148
SW49,5,9,216.925,159.725,1,1,CHS,D49,D104,C149
SW50,5,10,235.975,159.725,1,1,+,D50,D105,C150
