reference,chain,index_in_chain,column,row,x_mm,y_mm,rotation_deg
D1,1,0,0,0,55.75,55.75,180
D2,1,1,0,1,55.75,57.25,180
D3,1,2,0,2,55.75,58.75,180
D4,1,3,0,3,55.75,60.25,180
D5,1,4,0,4,55.75,61.75,180
D6,1,5,0,5,55.75,63.25,180
D7,1,6,0,6,55.75,64.75,180
D8,1,7,0,7,55.75,66.25,180
D9,1,8,1,7,57.25,66.25,0
D10,1,9,1,6,57.25,64.75,0
D11,1,10,1,5,57.25,63.25,0
D12,1,11,1,4,57.25,61.75,0
D13,1,12,1,3,57.25,60.25,0
D14,1,13,1,2,57.25,58.75,0
D15,1,14,1,1,57.25,57.25,0
D16,1,15,1,0,57.25,55.75,0
D17,1,16,2,0,58.75,55.75,180
D18,1,17,2,1,58.75,57.25,180
D19,1,18,2,2,58.75,58.75,180
D20,1,19,2,3,58.75,60.25,180
D21,1,20,2,4,58.75,61.75,180
D22,1,21,2,5,58.75,63.25,180
D23,1,22,2,6,58.75,64.75,180
D24,1,23,2,7,58.75,66.25,180
D25,1,24,3,7,60.25,66.25,0
D26,1,25,3,6,60.25,64.75,0
D27,1,26,3,5,60.25,63.25,0
D28,1,27,3,4,60.25,61.75,0
D29,1,28,3,3,60.25,60.25,0
D30,1,29,3,2,60.25,58.75,0
D31,1,30,3,1,60.25,57.25,0
D32,1,31,3,0,60.25,55.75,0
D33,1,32,4,0,61.75,55.75,180
D34,1,33,4,1,61.75,57.25,180
D35,1,34,4,2,61.75,58.75,180
D36,1,35,4,3,61.75,60.25,180
D37,1,36,4,4,61.75,61.75,180
D38,1,37,4,5,61.75,63.25,180
D39,1,38,4,6,61.75,64.75,180
D40,1,39,4,7,61.75,66.25,180
D41,1,40,5,7,63.25,66.25,0
D42,1,41,5,6,63.25,64.75,0
D43,1,42,5,5,63.25,63.25,0
D44,1,43,5,4,63.25,61.75,0
D45,1,44,5,3,63.25,60.25,0
D46,1,45,5,2,63.25,58.75,0
D47,1,46,5,1,63.25,57.25,0
D48,1,47,5,0,63.25,55.75,0
D49,1,48,6,0,64.75,55.75,180
D50,1,49,6,1,64.75,57.25,180
D51,1,50,6,2,64.75,58.75,180
D52,1,51,6,3,64.75,60.25,180
D53,1,52,6,4,64.75,61.75,180
D54,1,53,6,5,64.75,63.25,180
D55,1,54,6,6,64.75,64.75,180
D56,1,55,6,7,64.75,66.25,180
D57,1,56,7,7,66.25,66.25,0
D58,1,57,7,6,66.25,64.75,0
D59,1,58,7,5,66.25,63.25,0
D60,1,59,7,4,66.25,61.75,0
D61,1,60,7,3,66.25,60.25,0
D62,1,61,7,2,66.25,58.75,0
D63,1,62,7,1,66.25,57.25,0
D64,1,63,7,0,66.25,55.75,0
D65,1,64,8,0,67.75,55.75,180
D66,1,65,8,1,67.75,57.25,180
D67,1,66,8,2,67.75,58.75,180
D68,1,67,8,3,67.75,60.25,180
D69,1,68,8,4,67.75,61.75,180
D70,1,69,8,5,67.75,63.25,180
D71,1,70,8,6,67.75,64.75,180
D72,1,71,8,7,67.75,66.25,180
D73,1,72,9,7,69.25,66.25,0
D74,1,73,9,6,69.25,64.75,0
D75,1,74,9,5,69.25,63.25,0
D76,1,75,9,4,69.25,61.75,0
D77,1,76,9,3,69.25,60.25,0
D78,1,77,9,2,69.25,58.75,0
D79,1,78,9,1,69.25,57.25,0
D80,1,79,9,0,69.25,55.75,0
D81,1,80,10,0,70.75,55.75,180
D82,1,81,10,1,70.75,57.25,180
D83,1,82,10,2,70.75,58.75,180
D84,1,83,10,3,70.75,60.25,180
D85,1,84,10,4,70.75,61.75,180
D86,1,85,10,5,70.75,63.25,180
D87,1,86,10,6,70.75,64.75,180
D88,1,87,10,7,70.75,66.25,180
D89,1,88,11,7,72.25,66.25,0
D90,1,89,11,6,72.25,64.75,0
D91,1,90,11,5,72.25,63.25,0
D92,1,91,11,4,72.25,61.75,0
D93,1,92,11,3,72.25,60.25,0
D94,1,93,11,2,72.25,58.75,0
D95,1,94,11,1,72.25,57.25,0
D96,1,95,11,0,72.25,55.75,0
D97,1,96,12,0,73.75,55.75,180
D98,1,97,12,1,73.75,57.25,180
D99,1,98,12,2,73.75,58.75,180
D100,1,99,12,3,73.75,60.25,180
D101,1,100,12,4,73.75,61.75,180
D102,1,101,12,5,73.75,63.25,180
D103,1,102,12,6,73.75,64.75,180
D104,1,103,12,7,73.75,66.25,180
D105,1,104,13,7,75.25,66.25,0
D106,1,105,13,6,75.25,64.75,0
D107,1,106,13,5,75.25,63.25,0
D108,1,107,13,4,75.25,61.75,0
D109,1,108,13,3,75.25,60.25,0
D110,1,109,13,2,75.25,58.75,0
D111,1,110,13,1,75.25,57.25,0
D112,1,111,13,0,75.25,55.75,0
D113,1,112,14,0,76.75,55.75,180
D114,1,113,14,1,76.75,57.25,180
D115,1,114,14,2,76.75,58.75,180
D116,1,115,14,3,76.75,60.25,180
D117,1,116,14,4,76.75,61.75,180
D118,1,117,14,5,76.75,63.25,180
D119,1,118,14,6,76.75,64.75,180
D120,1,119,14,7,76.75,66.25,180
D121,1,120,15,7,78.25,66.25,0
D122,1,121,15,6,78.25,64.75,0
D123,1,122,15,5,78.25,63.25,0
D124,1,123,15,4,78.25,61.75,0
D125,1,124,15,3,78.25,60.25,0
D126,1,125,15,2,78.25,58.75,0
D127,1,126,15,1,78.25,57.25,0
D128,1,127,15,0,78.25,55.75,0
D129,1,128,16,0,79.75,55.75,180
D130,1,129,16,1,79.75,57.25,180
D131,1,130,16,2,79.75,58.75,180
D132,1,131,16,3,79.75,60.25,180
D133,1,132,16,4,79.75,61.75,180
D134,1,133,16,5,79.75,63.25,180
D135,1,134,16,6,79.75,64.75,180
D136,1,135,16,7,79.75,66.25,180
D137,1,136,17,7,81.25,66.25,0
D138,1,137,17,6,81.25,64.75,0
D139,1,138,17,5,81.25,63.25,0
D140,1,139,17,4,81.25,61.75,0
D141,1,140,17,3,81.25,60.25,0
D142,1,141,17,2,81.25,58.75,0
D143,1,142,17,1,81.25,57.25,0
D144,1,143,17,0,81.25,55.75,0
D145,1,144,18,0,82.75,55.75,180
D146,1,145,18,1,82.75,57.25,180
D147,1,146,18,2,82.75,58.75,180
D148,1,147,18,3,82.75,60.25,180
D149,1,148,18,4,82.75,61.75,180
D150,1,149,18,5,82.75,63.25,180
D151,1,150,18,6,82.75,64.75,180
D152,1,151,18,7,82.75,66.25,180
D153,1,152,19,7,84.25,66.25,0
D154,1,153,19,6,84.25,64.75,0
D155,1,154,19,5,84.25,63.25,0
D156,1,155,19,4,84.25,61.75,0
D157,1,156,19,3,84.25,60.25,0
D158,1,157,19,2,84.25,58.75,0
D159,1,158,19,1,84.25,57.25,0
D160,1,159,19,0,84.25,55.75,0
D161,1,160,20,0,85.75,55.75,180
D162,1,161,20,1,85.75,57.25,180
D163,1,162,20,2,85.75,58.75,180
D164,1,163,20,3,85.75,60.25,180
D165,1,164,20,4,85.75,61.75,180
D166,1,165,20,5,85.75,63.25,180
D167,1,166,20,6,85.75,64.75,180
D168,1,167,20,7,85.75,66.25,180
D169,1,168,21,7,87.25,66.25,0
D170,1,169,21,6,87.25,64.75,0
D171,1,170,21,5,87.25,63.25,0
D172,1,171,21,4,87.25,61.75,0
D173,1,172,21,3,87.25,60.25,0
D174,1,173,21,2,87.25,58.75,0
D175,1,174,21,1,87.25,57.25,0
D176,1,175,21,0,87.25,55.75,0
D177,1,176,22,0,88.75,55.75,180
D178,1,177,22,1,88.75,57.25,180
D179,1,178,22,2,88.75,58.75,180
D180,1,179,22,3,88.75,60.25,180
D181,1,180,22,4,88.75,61.75,180
D182,1,181,22,5,88.75,63.25,180
D183,1,182,22,6,88.75,64.75,180
D184,1,183,22,7,88.75,66.25,180
D185,1,184,23,7,90.25,66.25,0
D186,1,185,23,6,90.25,64.75,0
D187,1,186,23,5,90.25,63.25,0
D188,1,187,23,4,90.25,61.75,0
D189,1,188,23,3,90.25,60.25,0
D190,1,189,23,2,90.25,58.75,0
D191,1,190,23,1,90.25,57.25,0
D192,1,191,23,0,90.25,55.75,0
D193,1,192,24,0,91.75,55.75,180
D194,1,193,24,1,91.75,57.25,180
D195,1,194,24,2,91.75,58.75,180
D196,1,195,24,3,91.75,60.25,180
D197,1,196,24,4,91.75,61.75,180
D198,1,197,24,5,91.75,63.25,180
D199,1,198,24,6,91.75,64.75,180
D200,1,199,24,7,91.75,66.25,180
D201,1,200,25,7,93.25,66.25,0
D202,1,201,25,6,93.25,64.75,0
D203,1,202,25,5,93.25,63.25,0
D204,1,203,25,4,93.25,61.75,0
D205,1,204,25,3,93.25,60.25,0
D206,1,205,25,2,93.25,58.75,0
D207,1,206,25,1,93.25,57.25,0
D208,1,207,25,0,93.25,55.75,0
D209,1,208,26,0,94.75,55.75,180
D210,1,209,26,1,94.75,57.25,180
D211,1,210,26,2,94.75,58.75,180
D212,1,211,26,3,94.75,60.25,180
D213,1,212,26,4,94.75,61.75,180
D214,1,213,26,5,94.75,63.25,180
D215,1,214,26,6,94.75,64.75,180
D216,1,215,26,7,94.75,66.25,180
D217,1,216,27,7,96.25,66.25,0
D218,1,217,27,6,96.25,64.75,0
D219,1,218,27,5,96.25,63.25,0
D220,1,219,27,4,96.25,61.75,0
D221,1,220,27,3,96.25,60.25,0
D222,1,221,27,2,96.25,58.75,0
D223,1,222,27,1,96.25,57.25,0
D224,1,223,27,0,96.25,55.75,0
D225,1,224,28,0,97.75,55.75,180
D226,1,225,28,1,97.75,57.25,180
D227,1,226,28,2,97.75,58.75,180
D228,1,227,28,3,97.75,60.25,180
D229,1,228,28,4,97.75,61.75,180
D230,1,229,28,5,97.75,63.25,180
D231,1,230,28,6,97.75,64.75,180
D232,1,231,28,7,97.75,66.25,180
D233,1,232,29,7,99.25,66.25,0
D234,1,233,29,6,99.25,64.75,0
D235,1,234,29,5,99.25,63.25,0
D236,1,235,29,4,99.25,61.75,0
D237,1,236,29,3,99.25,60.25,0
D238,1,237,29,2,99.25,58.75,0
D239,1,238,29,1,99.25,57.25,0
D240,1,239,29,0,99.25,55.75,0
D241,1,240,30,0,100.75,55.75,180
D242,1,241,30,1,100.75,57.25,180
D243,1,242,30,2,100.75,58.75,180
D244,1,243,30,3,100.75,60.25,180
D245,1,244,30,4,100.75,61.75,180
D246,1,245,30,5,100.75,63.25,180
D247,1,246,30,6,100.75,64.75,180
D248,1,247,30,7,100.75,66.25,180
D249,1,248,31,7,102.25,66.25,0
D250,1,249,31,6,102.25,64.75,0
D251,1,250,31,5,102.25,63.25,0
D252,1,251,31,4,102.25,61.75,0
D253,1,252,31,3,102.25,60.25,0
D254,1,253,31,2,102.25,58.75,0
D255,1,254,31,1,102.25,57.25,0
D256,1,255,31,0,102.25,55.75,0
D257,1,256,32,0,103.75,55.75,180
D258,1,257,32,1,103.75,57.25,180
D259,1,258,32,2,103.75,58.75,180
D260,1,259,32,3,103.75,60.25,180
D261,1,260,32,4,103.75,61.75,180
D262,1,261,32,5,103.75,63.25,180
D263,1,262,32,6,103.75,64.75,180
D264,1,263,32,7,103.75,66.25,180
D265,1,264,33,7,105.25,66.25,0
D266,1,265,33,6,105.25,64.75,0
D267,1,266,33,5,105.25,63.25,0
D268,1,267,33,4,105.25,61.75,0
D269,1,268,33,3,105.25,60.25,0
D270,1,269,33,2,105.25,58.75,0
D271,1,270,33,1,105.25,57.25,0
D272,1,271,33,0,105.25,55.75,0
D273,1,272,34,0,106.75,55.75,180
D274,1,273,34,1,106.75,57.25,180
D275,1,274,34,2,106.75,58.75,180
D276,1,275,34,3,106.75,60.25,180
D277,1,276,34,4,106.75,61.75,180
D278,1,277,34,5,106.75,63.25,180
D279,1,278,34,6,106.75,64.75,180
D280,1,279,34,7,106.75,66.25,180
D281,1,280,35,7,108.25,66.25,0
D282,1,281,35,6,108.25,64.75,0
D283,1,282,35,5,108.25,63.25,0
D284,1,283,35,4,108.25,61.75,0
D285,1,284,35,3,108.25,60.25,0
D286,1,285,35,2,108.25,58.75,0
D287,1,286,35,1,108.25,57.25,0
D288,1,287,35,0,108.25,55.75,0
D289,1,288,36,0,109.75,55.75,180
D290,1,289,36,1,109.75,57.25,180
D291,1,290,36,2,109.75,58.75,180
D292,1,291,36,3,109.75,60.25,180
D293,1,292,36,4,109.75,61.75,180
D294,1,293,36,5,109.75,63.25,180
D295,1,294,36,6,109.75,64.75,180
D296,1,295,36,7,109.75,66.25,180
D297,1,296,37,7,111.25,66.25,0
D298,1,297,37,6,111.25,64.75,0
D299,1,298,37,5,111.25,63.25,0
D300,1,299,37,4,111.25,61.75,0
D301,1,300,37,3,111.25,60.25,0
D302,1,301,37,2,111.25,58.75,0
D303,1,302,37,1,111.25,57.25,0
D304,1,303,37,0,111.25,55.75,0
D305,1,304,38,0,112.75,55.75,180
D306,1,305,38,1,112.75,57.25,180
D307,1,306,38,2,112.75,58.75,180
D308,1,307,38,3,112.75,60.25,180
D309,1,308,38,4,112.75,61.75,180
D310,1,309,38,5,112.75,63.25,180
D311,1,310,38,6,112.75,64.75,180
D312,1,311,38,7,112.75,66.25,180
D313,1,312,39,7,114.25,66.25,0
D314,1,313,39,6,114.25,64.75,0
D315,1,314,39,5,114.25,63.25,0
D316,1,315,39,4,114.25,61.75,0
D317,1,316,39,3,114.25,60.25,0
D318,1,317,39,2,114.25,58.75,0
D319,1,318,39,1,114.25,57.25,0
D320,1,319,39,0,114.25,55.75,0
D321,1,320,40,0,115.75,55.75,180
D322,1,321,40,1,115.75,57.25,180
D323,1,322,40,2,115.75,58.75,180
D324,1,323,40,3,115.75,60.25,180
D325,1,324,40,4,115.75,61.75,180
D326,1,325,40,5,115.75,63.25,180
D327,1,326,40,6,115.75,64.75,180
D328,1,327,40,7,115.75,66.25,180
D329,1,328,41,7,117.25,66.25,0
D330,1,329,41,6,117.25,64.75,0
D331,1,330,41,5,117.25,63.25,0
D332,1,331,41,4,117.25,61.75,0
D333,1,332,41,3,117.25,60.25,0
D334,1,333,41,2,117.25,58.75,0
D335,1,334,41,1,117.25,57.25,0
D336,1,335,41,0,117.25,55.75,0
D337,1,336,42,0,118.75,55.75,180
D338,1,337,42,1,118.75,57.25,180
D339,1,338,42,2,118.75,58.75,180
D340,1,339,42,3,118.75,60.25,180
D341,1,340,42,4,118.75,61.75,180
D342,1,341,42,5,118.75,63.25,180
D343,1,342,42,6,118.75,64.75,180
D344,1,343,42,7,118.75,66.25,180
D345,1,344,43,7,120.25,66.25,0
D346,1,345,43,6,120.25,64.75,0
D347,1,346,43,5,120.25,63.25,0
D348,1,347,43,4,120.25,61.75,0
D349,1,348,43,3,120.25,60.25,0
D350,1,349,43,2,120.25,58.75,0
D351,1,350,43,1,120.25,57.25,0
D352,1,351,43,0,120.25,55.75,0
D353,1,352,44,0,121.75,55.75,180
D354,1,353,44,1,121.75,57.25,180
D355,1,354,44,2,121.75,58.75,180
D356,1,355,44,3,121.75,60.25,180
D357,1,356,44,4,121.75,61.75,180
D358,1,357,44,5,121.75,63.25,180
D359,1,358,44,6,121.75,64.75,180
D360,1,359,44,7,121.75,66.25,180
D361,1,360,45,7,123.25,66.25,0
D362,1,361,45,6,123.25,64.75,0
D363,1,362,45,5,123.25,63.25,0
D364,1,363,45,4,123.25,61.75,0
D365,1,364,45,3,123.25,60.25,0
D366,1,365,45,2,123.25,58.75,0
D367,1,366,45,1,123.25,57.25,0
D368,1,367,45,0,123.25,55.75,0
D369,1,368,46,0,124.75,55.75,180
D370,1,369,46,1,124.75,57.25,180
D371,1,370,46,2,124.75,58.75,180
D372,1,371,46,3,124.75,60.25,180
D373,1,372,46,4,124.75,61.75,180
D374,1,373,46,5,124.75,63.25,180
D375,1,374,46,6,124.75,64.75,180
D376,1,375,46,7,124.75,66.25,180
D377,1,376,47,7,126.25,66.25,0
D378,1,377,47,6,126.25,64.75,0
D379,1,378,47,5,126.25,63.25,0
D380,1,379,47,4,126.25,61.75,0
D381,1,380,47,3,126.25,60.25,0
D382,1,381,47,2,126.25,58.75,0
D383,1,382,47,1,126.25,57.25,0
D384,1,383,47,0,126.25,55.75,0
D385,1,384,48,0,127.75,55.75,180
D386,1,385,48,1,127.75,57.25,180
D387,1,386,48,2,127.75,58.75,180
D388,1,387,48,3,127.75,60.25,180
D389,1,388,48,4,127.75,61.75,180
D390,1,389,48,5,127.75,63.25,180
D391,1,390,48,6,127.75,64.75,180
D392,1,391,48,7,127.75,66.25,180
D393,1,392,49,7,129.25,66.25,0
D394,1,393,49,6,129.25,64.75,0
D395,1,394,49,5,129.25,63.25,0
D396,1,395,49,4,129.25,61.75,0
D397,1,396,49,3,129.25,60.25,0
D398,1,397,49,2,129.25,58.75,0
D399,1,398,49,1,129.25,57.25,0
D400,1,399,49,0,129.25,55.75,0
D401,1,400,50,0,130.75,55.75,180
D402,1,401,50,1,130.75,57.25,180
D403,1,402,50,2,130.75,58.75,180
D404,1,403,50,3,130.75,60.25,180
D405,1,404,50,4,130.75,61.75,180
D406,1,405,50,5,130.75,63.25,180
D407,1,406,50,6,130.75,64.75,180
D408,1,407,50,7,130.75,66.25,180
D409,1,408,51,7,132.25,66.25,0
D410,1,409,51,6,132.25,64.75,0
D411,1,410,51,5,132.25,63.25,0
D412,1,411,51,4,132.25,61.75,0
D413,1,412,51,3,132.25,60.25,0
D414,1,413,51,2,132.25,58.75,0
D415,1,414,51,1,132.25,57.25,0
D416,1,415,51,0,132.25,55.75,0
D417,1,416,52,0,133.75,55.75,180
D418,1,417,52,1,133.75,57.25,180
D419,1,418,52,2,133.75,58.75,180
D420,1,419,52,3,133.75,60.25,180
D421,1,420,52,4,133.75,61.75,180
D422,1,421,52,5,133.75,63.25,180
D423,1,422,52,6,133.75,64.75,180
D424,1,423,52,7,133.75,66.25,180
D425,1,424,53,7,135.25,66.25,0
D426,1,425,53,6,135.25,64.75,0
D427,1,426,53,5,135.25,63.25,0
D428,1,427,53,4,135.25,61.75,0
D429,1,428,53,3,135.25,60.25,0
D430,1,429,53,2,135.25,58.75,0
D431,1,430,53,1,135.25,57.25,0
D432,1,431,53,0,135.25,55.75,0
D433,1,432,54,0,136.75,55.75,180
D434,1,433,54,1,136.75,57.25,180
D435,1,434,54,2,136.75,58.75,180
D436,1,435,54,3,136.75,60.25,180
D437,1,436,54,4,136.75,61.75,180
D438,1,437,54,5,136.75,63.25,180
D439,1,438,54,6,136.75,64.75,180
D440,1,439,54,7,136.75,66.25,180
D441,1,440,55,7,138.25,66.25,0
D442,1,441,55,6,138.25,64.75,0
D443,1,442,55,5,138.25,63.25,0
D444,1,443,55,4,138.25,61.75,0
D445,1,444,55,3,138.25,60.25,0
D446,1,445,55,2,138.25,58.75,0
D447,1,446,55,1,138.25,57.25,0
D448,1,447,55,0,138.25,55.75,0
D449,1,448,56,0,139.75,55.75,180
D450,1,449,56,1,139.75,57.25,180
D451,1,450,56,2,139.75,58.75,180
D452,1,451,56,3,139.75,60.25,180
D453,1,452,56,4,139.75,61.75,180
D454,1,453,56,5,139.75,63.25,180
D455,1,454,56,6,139.75,64.75,180
D456,1,455,56,7,139.75,66.25,180
D457,1,456,57,7,141.25,66.25,0
D458,1,457,57,6,141.25,64.75,0
D459,1,458,57,5,141.25,63.25,0
D460,1,459,57,4,141.25,61.75,0
D461,1,460,57,3,141.25,60.25,0
D462,1,461,57,2,141.25,58.75,0
D463,1,462,57,1,141.25,57.25,0
D464,1,463,57,0,141.25,55.75,0
D465,1,464,58,0,142.75,55.75,180
D466,1,465,58,1,142.75,57.25,180
D467,1,466,58,2,142.75,58.75,180
D468,1,467,58,3,142.75,60.25,180
D469,1,468,58,4,142.75,61.75,180
D470,1,469,58,5,142.75,63.25,180
D471,1,470,58,6,142.75,64.75,180
D472,1,471,58,7,142.75,66.25,180
D473,1,472,59,7,144.25,66.25,0
D474,1,473,59,6,144.25,64.75,0
D475,1,474,59,5,144.25,63.25,0
D476,1,475,59,4,144.25,61.75,0
D477,1,476,59,3,144.25,60.25,0
D478,1,477,59,2,144.25,58.75,0
D479,1,478,59,1,144.25,57.25,0
D480,1,479,59,0,144.25,55.75,0
D481,1,480,60,0,145.75,55.75,180
D482,1,481,60,1,145.75,57.25,180
D483,1,482,60,2,145.75,58.75,180
D484,1,483,60,3,145.75,60.25,180
D485,1,484,60,4,145.75,61.75,180
D486,1,485,60,5,145.75,63.25,180
D487,1,486,60,6,145.75,64.75,180
D488,1,487,60,7,145.75,66.25,180
D489,1,488,61,7,147.25,66.25,0
D490,1,489,61,6,147.25,64.75,0
D491,1,490,61,5,147.25,63.25,0
D492,1,491,61,4,147.25,61.75,0
D493,1,492,61,3,147.25,60.25,0
D494,1,493,61,2,147.25,58.75,0
D495,1,494,61,1,147.25,57.25,0
D496,1,495,61,0,147.25,55.75,0
D497,1,496,62,0,148.75,55.75,180
D498,1,497,62,1,148.75,57.25,180
D499,1,498,62,2,148.75,58.75,180
D500,1,499,62,3,148.75,60.25,180
D501,1,500,62,4,148.75,61.75,180
D502,1,501,62,5,148.75,63.25,180
D503,1,502,62,6,148.75,64.75,180
D504,1,503,62,7,148.75,66.25,180
D505,1,504,63,7,150.25,66.25,0
D506,1,505,63,6,150.25,64.75,0
D507,1,506,63,5,150.25,63.25,0
D508,1,507,63,4,150.25,61.75,0
D509,1,508,63,3,150.25,60.25,0
D510,1,509,63,2,150.25,58.75,0
D511,1,510,63,1,150.25,57.25,0
D512,1,511,63,0,150.25,55.75,0
D513,1,512,64,0,151.75,55.75,180
D514,1,513,64,1,151.75,57.25,180
D515,1,514,64,2,151.75,58.75,180
D516,1,515,64,3,151.75,60.25,180
D517,1,516,64,4,151.75,61.75,180
D518,1,517,64,5,151.75,63.25,180
D519,1,518,64,6,151.75,64.75,180
D520,1,519,64,7,151.75,66.25,180
D521,1,520,65,7,153.25,66.25,0
D522,1,521,65,6,153.25,64.75,0
D523,1,522,65,5,153.25,63.25,0
D524,1,523,65,4,153.25,61.75,0
D525,1,524,65,3,153.25,60.25,0
D526,1,525,65,2,153.25,58.75,0
D527,1,526,65,1,153.25,57.25,0
D528,1,527,65,0,153.25,55.75,0
D529,1,528,66,0,154.75,55.75,180
D530,1,529,66,1,154.75,57.25,180
D531,1,530,66,2,154.75,58.75,180
D532,1,531,66,3,154.75,60.25,180
D533,1,532,66,4,154.75,61.75,180
D534,1,533,66,5,154.75,63.25,180
D535,1,534,66,6,154.75,64.75,180
D536,1,535,66,7,154.75,66.25,180
D537,1,536,67,7,156.25,66.25,0
D538,1,537,67,6,156.25,64.75,0
D539,1,538,67,5,156.25,63.25,0
D540,1,539,67,4,156.25,61.75,0
D541,1,540,67,3,156.25,60.25,0
D542,1,541,67,2,156.25,58.75,0
D543,1,542,67,1,156.25,57.25,0
D544,1,543,67,0,156.25,55.75,0
D545,1,544,68,0,157.75,55.75,180
D546,1,545,68,1,157.75,57.25,180
D547,1,546,68,2,157.75,58.75,180
D548,1,547,68,3,157.75,60.25,180
D549,1,548,68,4,157.75,61.75,180
D550,1,549,68,5,157.75,63.25,180
D551,1,550,68,6,157.75,64.75,180
D552,1,551,68,7,157.75,66.25,180
D553,1,552,69,7,159.25,66.25,0
D554,1,553,69,6,159.25,64.75,0
D555,1,554,69,5,159.25,63.25,0
D556,1,555,69,4,159.25,61.75,0
D557,1,556,69,3,159.25,60.25,0
D558,1,557,69,2,159.25,58.75,0
D559,1,558,69,1,159.25,57.25,0
D560,1,559,69,0,159.25,55.75,0
D561,1,560,70,0,160.75,55.75,180
D562,1,561,70,1,160.75,57.25,180
D563,1,562,70,2,160.75,58.75,180
D564,1,563,70,3,160.75,60.25,180
D565,1,564,70,4,160.75,61.75,180
D566,1,565,70,5,160.75,63.25,180
D567,1,566,70,6,160.75,64.75,180
D568,1,567,70,7,160.75,66.25,180
D569,1,568,71,7,162.25,66.25,0
D570,1,569,71,6,162.25,64.75,0
D571,1,570,71,5,162.25,63.25,0
D572,1,571,71,4,162.25,61.75,0
D573,1,572,71,3,162.25,60.25,0
D574,1,573,71,2,162.25,58.75,0
D575,1,574,71,1,162.25,57.25,0
D576,1,575,71,0,162.25,55.75,0
D577,1,576,72,0,163.75,55.75,180
D578,1,577,72,1,163.75,57.25,180
D579,1,578,72,2,163.75,58.75,180
D580,1,579,72,3,163.75,60.25,180
D581,1,580,72,4,163.75,61.75,180
D582,1,581,72,5,163.75,63.25,180
D583,1,582,72,6,163.75,64.75,180
D584,1,583,72,7,163.75,66.25,180
D585,1,584,73,7,165.25,66.25,0
D586,1,585,73,6,165.25,64.75,0
D587,1,586,73,5,165.25,63.25,0
D588,1,587,73,4,165.25,61.75,0
D589,1,588,73,3,165.25,60.25,0
D590,1,589,73,2,165.25,58.75,0
D591,1,590,73,1,165.25,57.25,0
D592,1,591,73,0,165.25,55.75,0
D593,1,592,74,0,166.75,55.75,180
D594,1,593,74,1,166.75,57.25,180
D595,1,594,74,2,166.75,58.75,180
D596,1,595,74,3,166.75,60.25,180
D597,1,596,74,4,166.75,61.75,180
D598,1,597,74,5,166.75,63.25,180
D599,1,598,74,6,166.75,64.75,180
D600,1,599,74,7,166.75,66.25,180
D601,1,600,75,7,168.25,66.25,0
D602,1,601,75,6,168.25,64.75,0
D603,1,602,75,5,168.25,63.25,0
D604,1,603,75,4,168.25,61.75,0
D605,1,604,75,3,168.25,60.25,0
D606,1,605,75,2,168.25,58.75,0
D607,1,606,75,1,168.25,57.25,0
D608,1,607,75,0,168.25,55.75,0
D609,1,608,76,0,169.75,55.75,180
D610,1,609,76,1,169.75,57.25,180
D611,1,610,76,2,169.75,58.75,180
D612,1,611,76,3,169.75,60.25,180
D613,1,612,76,4,169.75,61.75,180
D614,1,613,76,5,169.75,63.25,180
D615,1,614,76,6,169.75,64.75,180
D616,1,615,76,7,169.75,66.25,180
D617,1,616,77,7,171.25,66.25,0
D618,1,617,77,6,171.25,64.75,0
D619,1,618,77,5,171.25,63.25,0
D620,1,619,77,4,171.25,61.75,0
D621,1,620,77,3,171.25,60.25,0
D622,1,621,77,2,171.25,58.75,0
D623,1,622,77,1,171.25,57.25,0
D624,1,623,77,0,171.25,55.75,0
D625,1,624,78,0,172.75,55.75,180
D626,1,625,78,1,172.75,57.25,180
D627,1,626,78,2,172.75,58.75,180
D628,1,627,78,3,172.75,60.25,180
D629,1,628,78,4,172.75,61.75,180
D630,1,629,78,5,172.75,63.25,180
D631,1,630,78,6,172.75,64.75,180
D632,1,631,78,7,172.75,66.25,180
D633,1,632,79,7,174.25,66.25,0
D634,1,633,79,6,174.25,64.75,0
D635,1,634,79,5,174.25,63.25,0
D636,1,635,79,4,174.25,61.75,0
D637,1,636,79,3,174.25,60.25,0
D638,1,637,79,2,174.25,58.75,0
D639,1,638,79,1,174.25,57.25,0
D640,1,639,79,0,174.25,55.75,0
D641,1,640,80,0,175.75,55.75,180
D642,1,641,80,1,175.75,57.25,180
D643,1,642,80,2,175.75,58.75,180
D644,1,643,80,3,175.75,60.25,180
D645,1,644,80,4,175.75,61.75,180
D646,1,645,80,5,175.75,63.25,180
D647,1,646,80,6,175.75,64.75,180
D648,1,647,80,7,175.75,66.25,180
D649,1,648,81,7,177.25,66.25,0
D650,1,649,81,6,177.25,64.75,0
D651,1,650,81,5,177.25,63.25,0
D652,1,651,81,4,177.25,61.75,0
D653,1,652,81,3,177.25,60.25,0
D654,1,653,81,2,177.25,58.75,0
D655,1,654,81,1,177.25,57.25,0
D656,1,655,81,0,177.25,55.75,0
D657,1,656,82,0,178.75,55.75,180
D658,1,657,82,1,178.75,57.25,180
D659,1,658,82,2,178.75,58.75,180
D660,1,659,82,3,178.75,60.25,180
D661,1,660,82,4,178.75,61.75,180
D662,1,661,82,5,178.75,63.25,180
D663,1,662,82,6,178.75,64.75,180
D664,1,663,82,7,178.75,66.25,180
D665,1,664,83,7,180.25,66.25,0
D666,1,665,83,6,180.25,64.75,0
D667,1,666,83,5,180.25,63.25,0
D668,1,667,83,4,180.25,61.75,0
D669,1,668,83,3,180.25,60.25,0
D670,1,669,83,2,180.25,58.75,0
D671,1,670,83,1,180.25,57.25,0
D672,1,671,83,0,180.25,55.75,0
D673,1,672,84,0,181.75,55.75,180
D674,1,673,84,1,181.75,57.25,180
D675,1,674,84,2,181.75,58.75,180
D676,1,675,84,3,181.75,60.25,180
D677,1,676,84,4,181.75,61.75,180
D678,1,677,84,5,181.75,63.25,180
D679,1,678,84,6,181.75,64.75,180
D680,1,679,84,7,181.75,66.25,180
D681,1,680,85,7,183.25,66.25,0
D682,1,681,85,6,183.25,64.75,0
D683,1,682,85,5,183.25,63.25,0
D684,1,683,85,4,183.25,61.75,0
D685,1,684,85,3,183.25,60.25,0
D686,1,685,85,2,183.25,58.75,0
D687,1,686,85,1,183.25,57.25,0
D688,1,687,85,0,183.25,55.75,0
D689,1,688,86,0,184.75,55.75,180
D690,1,689,86,1,184.75,57.25,180
D691,1,690,86,2,184.75,58.75,180
D692,1,691,86,3,184.75,60.25,180
D693,1,692,86,4,184.75,61.75,180
D694,1,693,86,5,184.75,63.25,180
D695,1,694,86,6,184.75,64.75,180
D696,1,695,86,7,184.75,66.25,180
D697,1,696,87,7,186.25,66.25,0
D698,1,697,87,6,186.25,64.75,0
D699,1,698,87,5,186.25,63.25,0
D700,1,699,87,4,186.25,61.75,0
D701,1,700,87,3,186.25,60.25,0
D702,1,701,87,2,186.25,58.75,0
D703,1,702,87,1,186.25,57.25,0
D704,1,703,87,0,186.25,55.75,0
D705,1,704,88,0,187.75,55.75,180
D706,1,705,88,1,187.75,57.25,180
D707,1,706,88,2,187.75,58.75,180
D708,1,707,88,3,187.75,60.25,180
D709,1,708,88,4,187.75,61.75,180
D710,1,709,88,5,187.75,63.25,180
D711,1,710,88,6,187.75,64.75,180
D712,1,711,88,7,187.75,66.25,180
D713,1,712,89,7,189.25,66.25,0
D714,1,713,89,6,189.25,64.75,0
D715,1,714,89,5,189.25,63.25,0
D716,1,715,89,4,189.25,61.75,0
D717,1,716,89,3,189.25,60.25,0
D718,1,717,89,2,189.25,58.75,0
D719,1,718,89,1,189.25,57.25,0
D720,1,719,89,0,189.25,55.75,0
D721,1,720,90,0,190.75,55.75,180
D722,1,721,90,1,190.75,57.25,180
D723,1,722,90,2,190.75,58.75,180
D724,1,723,90,3,190.75,60.25,180
D725,1,724,90,4,190.75,61.75,180
D726,1,725,90,5,190.75,63.25,180
D727,1,726,90,6,190.75,64.75,180
D728,1,727,90,7,190.75,66.25,180
D729,1,728,91,7,192.25,66.25,0
D730,1,729,91,6,192.25,64.75,0
D731,1,730,91,5,192.25,63.25,0
D732,1,731,91,4,192.25,61.75,0
D733,1,732,91,3,192.25,60.25,0
D734,1,733,91,2,192.25,58.75,0
D735,1,734,91,1,192.25,57.25,0
D736,1,735,91,0,192.25,55.75,0
D737,1,736,92,0,193.75,55.75,180
D738,1,737,92,1,193.75,57.25,180
D739,1,738,92,2,193.75,58.75,180
D740,1,739,92,3,193.75,60.25,180
D741,1,740,92,4,193.75,61.75,180
D742,1,741,92,5,193.75,63.25,180
D743,1,742,92,6,193.75,64.75,180
D744,1,743,92,7,193.75,66.25,180
D745,1,744,93,7,195.25,66.25,0
D746,1,745,93,6,195.25,64.75,0
D747,1,746,93,5,195.25,63.25,0
D748,1,747,93,4,195.25,61.75,0
D749,1,748,93,3,195.25,60.25,0
D750,1,749,93,2,195.25,58.75,0
D751,1,750,93,1,195.25,57.25,0
D752,1,751,93,0,195.25,55.75,0
D753,1,752,94,0,196.75,55.75,180
D754,1,753,94,1,196.75,57.25,180
D755,1,754,94,2,196.75,58.75,180
D756,1,755,94,3,196.75,60.25,180
D757,1,756,94,4,196.75,61.75,180
D758,1,757,94,5,196.75,63.25,180
D759,1,758,94,6,196.75,64.75,180
D760,1,759,94,7,196.75,66.25,180
D761,1,760,95,7,198.25,66.25,0
D762,1,761,95,6,198.25,64.75,0
D763,1,762,95,5,198.25,63.25,0
D764,1,763,95,4,198.25,61.75,0
D765,1,764,95,3,198.25,60.25,0
D766,1,765,95,2,198.25,58.75,0
D767,1,766,95,1,198.25,57.25,0
D768,1,767,95,0,198.25,55.75,0
D769,2,0,0,8,55.75,67.75,180
D770,2,1,0,9,55.75,69.25,180
D771,2,2,0,10,55.75,70.75,180
D772,2,3,0,11,55.75,72.25,180
D773,2,4,0,12,55.75,73.75,180
D774,2,5,0,13,55.75,75.25,180
D775,2,6,0,14,55.75,76.75,180
D776,2,7,0,15,55.75,78.25,180
D777,2,8,1,15,57.25,78.25,0
D778,2,9,1,14,57.25,76.75,0
D779,2,10,1,13,57.25,75.25,0
D780,2,11,1,12,57.25,73.75,0
D781,2,12,1,11,57.25,72.25,0
D782,2,13,1,10,57.25,70.75,0
D783,2,14,1,9,57.25,69.25,0
D784,2,15,1,8,57.25,67.75,0
D785,2,16,2,8,58.75,67.75,180
D786,2,17,2,9,58.75,69.25,180
D787,2,18,2,10,58.75,70.75,180
D788,2,19,2,11,58.75,72.25,180
D789,2,20,2,12,58.75,73.75,180
D790,2,21,2,13,58.75,75.25,180
D791,2,22,2,14,58.75,76.75,180
D792,2,23,2,15,58.75,78.25,180
D793,2,24,3,15,60.25,78.25,0
D794,2,25,3,14,60.25,76.75,0
D795,2,26,3,13,60.25,75.25,0
D796,2,27,3,12,60.25,73.75,0
D797,2,28,3,11,60.25,72.25,0
D798,2,29,3,10,60.25,70.75,0
D799,2,30,3,9,60.25,69.25,0
D800,2,31,3,8,60.25,67.75,0
D801,2,32,4,8,61.75,67.75,180
D802,2,33,4,9,61.75,69.25,180
D803,2,34,4,10,61.75,70.75,180
D804,2,35,4,11,61.75,72.25,180
D805,2,36,4,12,61.75,73.75,180
D806,2,37,4,13,61.75,75.25,180
D807,2,38,4,14,61.75,76.75,180
D808,2,39,4,15,61.75,78.25,180
D809,2,40,5,15,63.25,78.25,0
D810,2,41,5,14,63.25,76.75,0
D811,2,42,5,13,63.25,75.25,0
D812,2,43,5,12,63.25,73.75,0
D813,2,44,5,11,63.25,72.25,0
D814,2,45,5,10,63.25,70.75,0
D815,2,46,5,9,63.25,69.25,0
D816,2,47,5,8,63.25,67.75,0
D817,2,48,6,8,64.75,67.75,180
D818,2,49,6,9,64.75,69.25,180
D819,2,50,6,10,64.75,70.75,180
D820,2,51,6,11,64.75,72.25,180
D821,2,52,6,12,64.75,73.75,180
D822,2,53,6,13,64.75,75.25,180
D823,2,54,6,14,64.75,76.75,180
D824,2,55,6,15,64.75,78.25,180
D825,2,56,7,15,66.25,78.25,0
D826,2,57,7,14,66.25,76.75,0
D827,2,58,7,13,66.25,75.25,0
D828,2,59,7,12,66.25,73.75,0
D829,2,60,7,11,66.25,72.25,0
D830,2,61,7,10,66.25,70.75,0
D831,2,62,7,9,66.25,69.25,0
D832,2,63,7,8,66.25,67.75,0
D833,2,64,8,8,67.75,67.75,180
D834,2,65,8,9,67.75,69.25,180
D835,2,66,8,10,67.75,70.75,180
D836,2,67,8,11,67.75,72.25,180
D837,2,68,8,12,67.75,73.75,180
D838,2,69,8,13,67.75,75.25,180
D839,2,70,8,14,67.75,76.75,180
D840,2,71,8,15,67.75,78.25,180
D841,2,72,9,15,69.25,78.25,0
D842,2,73,9,14,69.25,76.75,0
D843,2,74,9,13,69.25,75.25,0
D844,2,75,9,12,69.25,73.75,0
D845,2,76,9,11,69.25,72.25,0
D846,2,77,9,10,69.25,70.75,0
D847,2,78,9,9,69.25,69.25,0
D848,2,79,9,8,69.25,67.75,0
D849,2,80,10,8,70.75,67.75,180
D850,2,81,10,9,70.75,69.25,180
D851,2,82,10,10,70.75,70.75,180
D852,2,83,10,11,70.75,72.25,180
D853,2,84,10,12,70.75,73.75,180
D854,2,85,10,13,70.75,75.25,180
D855,2,86,10,14,70.75,76.75,180
D856,2,87,10,15,70.75,78.25,180
D857,2,88,11,15,72.25,78.25,0
D858,2,89,11,14,72.25,76.75,0
D859,2,90,11,13,72.25,75.25,0
D860,2,91,11,12,72.25,73.75,0
D861,2,92,11,11,72.25,72.25,0
D862,2,93,11,10,72.25,70.75,0
D863,2,94,11,9,72.25,69.25,0
D864,2,95,11,8,72.25,67.75,0
D865,2,96,12,8,73.75,67.75,180
D866,2,97,12,9,73.75,69.25,180
D867,2,98,12,10,73.75,70.75,180
D868,2,99,12,11,73.75,72.25,180
D869,2,100,12,12,73.75,73.75,180
D870,2,101,12,13,73.75,75.25,180
D871,2,102,12,14,73.75,76.75,180
D872,2,103,12,15,73.75,78.25,180
D873,2,104,13,15,75.25,78.25,0
D874,2,105,13,14,75.25,76.75,0
D875,2,106,13,13,75.25,75.25,0
D876,2,107,13,12,75.25,73.75,0
D877,2,108,13,11,75.25,72.25,0
D878,2,109,13,10,75.25,70.75,0
D879,2,110,13,9,75.25,69.25,0
D880,2,111,13,8,75.25,67.75,0
D881,2,112,14,8,76.75,67.75,180
D882,2,113,14,9,76.75,69.25,180
D883,2,114,14,10,76.75,70.75,180
D884,2,115,14,11,76.75,72.25,180
D885,2,116,14,12,76.75,73.75,180
D886,2,117,14,13,76.75,75.25,180
D887,2,118,14,14,76.75,76.75,180
D888,2,119,14,15,76.75,78.25,180
D889,2,120,15,15,78.25,78.25,0
D890,2,121,15,14,78.25,76.75,0
D891,2,122,15,13,78.25,75.25,0
D892,2,123,15,12,78.25,73.75,0
D893,2,124,15,11,78.25,72.25,0
D894,2,125,15,10,78.25,70.75,0
D895,2,126,15,9,78.25,69.25,0
D896,2,127,15,8,78.25,67.75,0
D897,2,128,16,8,79.75,67.75,180
D898,2,129,16,9,79.75,69.25,180
D899,2,130,16,10,79.75,70.75,180
D900,2,131,16,11,79.75,72.25,180
D901,2,132,16,12,79.75,73.75,180
D902,2,133,16,13,79.75,75.25,180
D903,2,134,16,14,79.75,76.75,180
D904,2,135,16,15,79.75,78.25,180
D905,2,136,17,15,81.25,78.25,0
D906,2,137,17,14,81.25,76.75,0
D907,2,138,17,13,81.25,75.25,0
D908,2,139,17,12,81.25,73.75,0
D909,2,140,17,11,81.25,72.25,0
D910,2,141,17,10,81.25,70.75,0
D911,2,142,17,9,81.25,69.25,0
D912,2,143,17,8,81.25,67.75,0
D913,2,144,18,8,82.75,67.75,180
D914,2,145,18,9,82.75,69.25,180
D915,2,146,18,10,82.75,70.75,180
D916,2,147,18,11,82.75,72.25,180
D917,2,148,18,12,82.75,73.75,180
D918,2,149,18,13,82.75,75.25,180
D919,2,150,18,14,82.75,76.75,180
D920,2,151,18,15,82.75,78.25,180
D921,2,152,19,15,84.25,78.25,0
D922,2,153,19,14,84.25,76.75,0
D923,2,154,19,13,84.25,75.25,0
D924,2,155,19,12,84.25,73.75,0
D925,2,156,19,11,84.25,72.25,0
D926,2,157,19,10,84.25,70.75,0
D927,2,158,19,9,84.25,69.25,0
D928,2,159,19,8,84.25,67.75,0
D929,2,160,20,8,85.75,67.75,180
D930,2,161,20,9,85.75,69.25,180
D931,2,162,20,10,85.75,70.75,180
D932,2,163,20,11,85.75,72.25,180
D933,2,164,20,12,85.75,73.75,180
D934,2,165,20,13,85.75,75.25,180
D935,2,166,20,14,85.75,76.75,180
D936,2,167,20,15,85.75,78.25,180
D937,2,168,21,15,87.25,78.25,0
D938,2,169,21,14,87.25,76.75,0
D939,2,170,21,13,87.25,75.25,0
D940,2,171,21,12,87.25,73.75,0
D941,2,172,21,11,87.25,72.25,0
D942,2,173,21,10,87.25,70.75,0
D943,2,174,21,9,87.25,69.25,0
D944,2,175,21,8,87.25,67.75,0
D945,2,176,22,8,88.75,67.75,180
D946,2,177,22,9,88.75,69.25,180
D947,2,178,22,10,88.75,70.75,180
D948,2,179,22,11,88.75,72.25,180
D949,2,180,22,12,88.75,73.75,180
D950,2,181,22,13,88.75,75.25,180
D951,2,182,22,14,88.75,76.75,180
D952,2,183,22,15,88.75,78.25,180
D953,2,184,23,15,90.25,78.25,0
D954,2,185,23,14,90.25,76.75,0
D955,2,186,23,13,90.25,75.25,0
D956,2,187,23,12,90.25,73.75,0
D957,2,188,23,11,90.25,72.25,0
D958,2,189,23,10,90.25,70.75,0
D959,2,190,23,9,90.25,69.25,0
D960,2,191,23,8,90.25,67.75,0
D961,2,192,24,8,91.75,67.75,180
D962,2,193,24,9,91.75,69.25,180
D963,2,194,24,10,91.75,70.75,180
D964,2,195,24,11,91.75,72.25,180
D965,2,196,24,12,91.75,73.75,180
D966,2,197,24,13,91.75,75.25,180
D967,2,198,24,14,91.75,76.75,180
D968,2,199,24,15,91.75,78.25,180
D969,2,200,25,15,93.25,78.25,0
D970,2,201,25,14,93.25,76.75,0
D971,2,202,25,13,93.25,75.25,0
D972,2,203,25,12,93.25,73.75,0
D973,2,204,25,11,93.25,72.25,0
D974,2,205,25,10,93.25,70.75,0
D975,2,206,25,9,93.25,69.25,0
D976,2,207,25,8,93.25,67.75,0
D977,2,208,26,8,94.75,67.75,180
D978,2,209,26,9,94.75,69.25,180
D979,2,210,26,10,94.75,70.75,180
D980,2,211,26,11,94.75,72.25,180
D981,2,212,26,12,94.75,73.75,180
D982,2,213,26,13,94.75,75.25,180
D983,2,214,26,14,94.75,76.75,180
D984,2,215,26,15,94.75,78.25,180
D985,2,216,27,15,96.25,78.25,0
D986,2,217,27,14,96.25,76.75,0
D987,2,218,27,13,96.25,75.25,0
D988,2,219,27,12,96.25,73.75,0
D989,2,220,27,11,96.25,72.25,0
D990,2,221,27,10,96.25,70.75,0
D991,2,222,27,9,96.25,69.25,0
D992,2,223,27,8,96.25,67.75,0
D993,2,224,28,8,97.75,67.75,180
D994,2,225,28,9,97.75,69.25,180
D995,2,226,28,10,97.75,70.75,180
D996,2,227,28,11,97.75,72.25,180
D997,2,228,28,12,97.75,73.75,180
D998,2,229,28,13,97.75,75.25,180
D999,2,230,28,14,97.75,76.75,180
D1000,2,231,28,15,97.75,78.25,180
D1001,2,232,29,15,99.25,78.25,0
D1002,2,233,29,14,99.25,76.75,0
D1003,2,234,29,13,99.25,75.25,0
D1004,2,235,29,12,99.25,73.75,0
D1005,2,236,29,11,99.25,72.25,0
D1006,2,237,29,10,99.25,70.75,0
D1007,2,238,29,9,99.25,69.25,0
D1008,2,239,29,8,99.25,67.75,0
D1009,2,240,30,8,100.75,67.75,180
D1010,2,241,30,9,100.75,69.25,180
D1011,2,242,30,10,100.75,70.75,180
D1012,2,243,30,11,100.75,72.25,180
D1013,2,244,30,12,100.75,73.75,180
D1014,2,245,30,13,100.75,75.25,180
D1015,2,246,30,14,100.75,76.75,180
D1016,2,247,30,15,100.75,78.25,180
D1017,2,248,31,15,102.25,78.25,0
D1018,2,249,31,14,102.25,76.75,0
D1019,2,250,31,13,102.25,75.25,0
D1020,2,251,31,12,102.25,73.75,0
D1021,2,252,31,11,102.25,72.25,0
D1022,2,253,31,10,102.25,70.75,0
D1023,2,254,31,9,102.25,69.25,0
D1024,2,255,31,8,102.25,67.75,0
D1025,2,256,32,8,103.75,67.75,180
D1026,2,257,32,9,103.75,69.25,180
D1027,2,258,32,10,103.75,70.75,180
D1028,2,259,32,11,103.75,72.25,180
D1029,2,260,32,12,103.75,73.75,180
D1030,2,261,32,13,103.75,75.25,180
D1031,2,262,32,14,103.75,76.75,180
D1032,2,263,32,15,103.75,78.25,180
D1033,2,264,33,15,105.25,78.25,0
D1034,2,265,33,14,105.25,76.75,0
D1035,2,266,33,13,105.25,75.25,0
D1036,2,267,33,12,105.25,73.75,0
D1037,2,268,33,11,105.25,72.25,0
D1038,2,269,33,10,105.25,70.75,0
D1039,2,270,33,9,105.25,69.25,0
D1040,2,271,33,8,105.25,67.75,0
D1041,2,272,34,8,106.75,67.75,180
D1042,2,273,34,9,106.75,69.25,180
D1043,2,274,34,10,106.75,70.75,180
D1044,2,275,34,11,106.75,72.25,180
D1045,2,276,34,12,106.75,73.75,180
D1046,2,277,34,13,106.75,75.25,180
D1047,2,278,34,14,106.75,76.75,180
D1048,2,279,34,15,106.75,78.25,180
D1049,2,280,35,15,108.25,78.25,0
D1050,2,281,35,14,108.25,76.75,0
D1051,2,282,35,13,108.25,75.25,0
D1052,2,283,35,12,108.25,73.75,0
D1053,2,284,35,11,108.25,72.25,0
D1054,2,285,35,10,108.25,70.75,0
D1055,2,286,35,9,108.25,69.25,0
D1056,2,287,35,8,108.25,67.75,0
D1057,2,288,36,8,109.75,67.75,180
D1058,2,289,36,9,109.75,69.25,180
D1059,2,290,36,10,109.75,70.75,180
D1060,2,291,36,11,109.75,72.25,180
D1061,2,292,36,12,109.75,73.75,180
D1062,2,293,36,13,109.75,75.25,180
D1063,2,294,36,14,109.75,76.75,180
D1064,2,295,36,15,109.75,78.25,180
D1065,2,296,37,15,111.25,78.25,0
D1066,2,297,37,14,111.25,76.75,0
D1067,2,298,37,13,111.25,75.25,0
D1068,2,299,37,12,111.25,73.75,0
D1069,2,300,37,11,111.25,72.25,0
D1070,2,301,37,10,111.25,70.75,0
D1071,2,302,37,9,111.25,69.25,0
D1072,2,303,37,8,111.25,67.75,0
D1073,2,304,38,8,112.75,67.75,180
D1074,2,305,38,9,112.75,69.25,180
D1075,2,306,38,10,112.75,70.75,180
D1076,2,307,38,11,112.75,72.25,180
D1077,2,308,38,12,112.75,73.75,180
D1078,2,309,38,13,112.75,75.25,180
D1079,2,310,38,14,112.75,76.75,180
D1080,2,311,38,15,112.75,78.25,180
D1081,2,312,39,15,114.25,78.25,0
D1082,2,313,39,14,114.25,76.75,0
D1083,2,314,39,13,114.25,75.25,0
D1084,2,315,39,12,114.25,73.75,0
D1085,2,316,39,11,114.25,72.25,0
D1086,2,317,39,10,114.25,70.75,0
D1087,2,318,39,9,114.25,69.25,0
D1088,2,319,39,8,114.25,67.75,0
D1089,2,320,40,8,115.75,67.75,180
D1090,2,321,40,9,115.75,69.25,180
D1091,2,322,40,10,115.75,70.75,180
D1092,2,323,40,11,115.75,72.25,180
D1093,2,324,40,12,115.75,73.75,180
D1094,2,325,40,13,115.75,75.25,180
D1095,2,326,40,14,115.75,76.75,180
D1096,2,327,40,15,115.75,78.25,180
D1097,2,328,41,15,117.25,78.25,0
D1098,2,329,41,14,117.25,76.75,0
D1099,2,330,41,13,117.25,75.25,0
D1100,2,331,41,12,117.25,73.75,0
D1101,2,332,41,11,117.25,72.25,0
D1102,2,333,41,10,117.25,70.75,0
D1103,2,334,41,9,117.25,69.25,0
D1104,2,335,41,8,117.25,67.75,0
D1105,2,336,42,8,118.75,67.75,180
D1106,2,337,42,9,118.75,69.25,180
D1107,2,338,42,10,118.75,70.75,180
D1108,2,339,42,11,118.75,72.25,180
D1109,2,340,42,12,118.75,73.75,180
D1110,2,341,42,13,118.75,75.25,180
D1111,2,342,42,14,118.75,76.75,180
D1112,2,343,42,15,118.75,78.25,180
D1113,2,344,43,15,120.25,78.25,0
D1114,2,345,43,14,120.25,76.75,0
D1115,2,346,43,13,120.25,75.25,0
D1116,2,347,43,12,120.25,73.75,0
D1117,2,348,43,11,120.25,72.25,0
D1118,2,349,43,10,120.25,70.75,0
D1119,2,350,43,9,120.25,69.25,0
D1120,2,351,43,8,120.25,67.75,0
D1121,2,352,44,8,121.75,67.75,180
D1122,2,353,44,9,121.75,69.25,180
D1123,2,354,44,10,121.75,70.75,180
D1124,2,355,44,11,121.75,72.25,180
D1125,2,356,44,12,121.75,73.75,180
D1126,2,357,44,13,121.75,75.25,180
D1127,2,358,44,14,121.75,76.75,180
D1128,2,359,44,15,121.75,78.25,180
D1129,2,360,45,15,123.25,78.25,0
D1130,2,361,45,14,123.25,76.75,0
D1131,2,362,45,13,123.25,75.25,0
D1132,2,363,45,12,123.25,73.75,0
D1133,2,364,45,11,123.25,72.25,0
D1134,2,365,45,10,123.25,70.75,0
D1135,2,366,45,9,123.25,69.25,0
D1136,2,367,45,8,123.25,67.75,0
D1137,2,368,46,8,124.75,67.75,180
D1138,2,369,46,9,124.75,69.25,180
D1139,2,370,46,10,124.75,70.75,180
D1140,2,371,46,11,124.75,72.25,180
D1141,2,372,46,12,124.75,73.75,180
D1142,2,373,46,13,124.75,75.25,180
D1143,2,374,46,14,124.75,76.75,180
D1144,2,375,46,15,124.75,78.25,180
D1145,2,376,47,15,126.25,78.25,0
D1146,2,377,47,14,126.25,76.75,0
D1147,2,378,47,13,126.25,75.25,0
D1148,2,379,47,12,126.25,73.75,0
D1149,2,380,47,11,126.25,72.25,0
D1150,2,381,47,10,126.25,70.75,0
D1151,2,382,47,9,126.25,69.25,0
D1152,2,383,47,8,126.25,67.75,0
D1153,2,384,48,8,127.75,67.75,180
D1154,2,385,48,9,127.75,69.25,180
D1155,2,386,48,10,127.75,70.75,180
D1156,2,387,48,11,127.75,72.25,180
D1157,2,388,48,12,127.75,73.75,180
D1158,2,389,48,13,127.75,75.25,180
D1159,2,390,48,14,127.75,76.75,180
D1160,2,391,48,15,127.75,78.25,180
D1161,2,392,49,15,129.25,78.25,0
D1162,2,393,49,14,129.25,76.75,0
D1163,2,394,49,13,129.25,75.25,0
D1164,2,395,49,12,129.25,73.75,0
D1165,2,396,49,11,129.25,72.25,0
D1166,2,397,49,10,129.25,70.75,0
D1167,2,398,49,9,129.25,69.25,0
D1168,2,399,49,8,129.25,67.75,0
D1169,2,400,50,8,130.75,67.75,180
D1170,2,401,50,9,130.75,69.25,180
D1171,2,402,50,10,130.75,70.75,180
D1172,2,403,50,11,130.75,72.25,180
D1173,2,404,50,12,130.75,73.75,180
D1174,2,405,50,13,130.75,75.25,180
D1175,2,406,50,14,130.75,76.75,180
D1176,2,407,50,15,130.75,78.25,180
D1177,2,408,51,15,132.25,78.25,0
D1178,2,409,51,14,132.25,76.75,0
D1179,2,410,51,13,132.25,75.25,0
D1180,2,411,51,12,132.25,73.75,0
D1181,2,412,51,11,132.25,72.25,0
D1182,2,413,51,10,132.25,70.75,0
D1183,2,414,51,9,132.25,69.25,0
D1184,2,415,51,8,132.25,67.75,0
D1185,2,416,52,8,133.75,67.75,180
D1186,2,417,52,9,133.75,69.25,180
D1187,2,418,52,10,133.75,70.75,180
D1188,2,419,52,11,133.75,72.25,180
D1189,2,420,52,12,133.75,73.75,180
D1190,2,421,52,13,133.75,75.25,180
D1191,2,422,52,14,133.75,76.75,180
D1192,2,423,52,15,133.75,78.25,180
D1193,2,424,53,15,135.25,78.25,0
D1194,2,425,53,14,135.25,76.75,0
D1195,2,426,53,13,135.25,75.25,0
D1196,2,427,53,12,135.25,73.75,0
D1197,2,428,53,11,135.25,72.25,0
D1198,2,429,53,10,135.25,70.75,0
D1199,2,430,53,9,135.25,69.25,0
D1200,2,431,53,8,135.25,67.75,0
D1201,2,432,54,8,136.75,67.75,180
D1202,2,433,54,9,136.75,69.25,180
D1203,2,434,54,10,136.75,70.75,180
D1204,2,435,54,11,136.75,72.25,180
D1205,2,436,54,12,136.75,73.75,180
D1206,2,437,54,13,136.75,75.25,180
D1207,2,438,54,14,136.75,76.75,180
D1208,2,439,54,15,136.75,78.25,180
D1209,2,440,55,15,138.25,78.25,0
D1210,2,441,55,14,138.25,76.75,0
D1211,2,442,55,13,138.25,75.25,0
D1212,2,443,55,12,138.25,73.75,0
D1213,2,444,55,11,138.25,72.25,0
D1214,2,445,55,10,138.25,70.75,0
D1215,2,446,55,9,138.25,69.25,0
D1216,2,447,55,8,138.25,67.75,0
D1217,2,448,56,8,139.75,67.75,180
D1218,2,449,56,9,139.75,69.25,180
D1219,2,450,56,10,139.75,70.75,180
D1220,2,451,56,11,139.75,72.25,180
D1221,2,452,56,12,139.75,73.75,180
D1222,2,453,56,13,139.75,75.25,180
D1223,2,454,56,14,139.75,76.75,180
D1224,2,455,56,15,139.75,78.25,180
D1225,2,456,57,15,141.25,78.25,0
D1226,2,457,57,14,141.25,76.75,0
D1227,2,458,57,13,141.25,75.25,0
D1228,2,459,57,12,141.25,73.75,0
D1229,2,460,57,11,141.25,72.25,0
D1230,2,461,57,10,141.25,70.75,0
D1231,2,462,57,9,141.25,69.25,0
D1232,2,463,57,8,141.25,67.75,0
D1233,2,464,58,8,142.75,67.75,180
D1234,2,465,58,9,142.75,69.25,180
D1235,2,466,58,10,142.75,70.75,180
D1236,2,467,58,11,142.75,72.25,180
D1237,2,468,58,12,142.75,73.75,180
D1238,2,469,58,13,142.75,75.25,180
D1239,2,470,58,14,142.75,76.75,180
D1240,2,471,58,15,142.75,78.25,180
D1241,2,472,59,15,144.25,78.25,0
D1242,2,473,59,14,144.25,76.75,0
D1243,2,474,59,13,144.25,75.25,0
D1244,2,475,59,12,144.25,73.75,0
D1245,2,476,59,11,144.25,72.25,0
D1246,2,477,59,10,144.25,70.75,0
D1247,2,478,59,9,144.25,69.25,0
D1248,2,479,59,8,144.25,67.75,0
D1249,2,480,60,8,145.75,67.75,180
D1250,2,481,60,9,145.75,69.25,180
D1251,2,482,60,10,145.75,70.75,180
D1252,2,483,60,11,145.75,72.25,180
D1253,2,484,60,12,145.75,73.75,180
D1254,2,485,60,13,145.75,75.25,180
D1255,2,486,60,14,145.75,76.75,180
D1256,2,487,60,15,145.75,78.25,180
D1257,2,488,61,15,147.25,78.25,0
D1258,2,489,61,14,147.25,76.75,0
D1259,2,490,61,13,147.25,75.25,0
D1260,2,491,61,12,147.25,73.75,0
D1261,2,492,61,11,147.25,72.25,0
D1262,2,493,61,10,147.25,70.75,0
D1263,2,494,61,9,147.25,69.25,0
D1264,2,495,61,8,147.25,67.75,0
D1265,2,496,62,8,148.75,67.75,180
D1266,2,497,62,9,148.75,69.25,180
D1267,2,498,62,10,148.75,70.75,180
D1268,2,499,62,11,148.75,72.25,180
D1269,2,500,62,12,148.75,73.75,180
D1270,2,501,62,13,148.75,75.25,180
D1271,2,502,62,14,148.75,76.75,180
D1272,2,503,62,15,148.75,78.25,180
D1273,2,504,63,15,150.25,78.25,0
D1274,2,505,63,14,150.25,76.75,0
D1275,2,506,63,13,150.25,75.25,0
D1276,2,507,63,12,150.25,73.75,0
D1277,2,508,63,11,150.25,72.25,0
D1278,2,509,63,10,150.25,70.75,0
D1279,2,510,63,9,150.25,69.25,0
D1280,2,511,63,8,150.25,67.75,0
D1281,2,512,64,8,151.75,67.75,180
D1282,2,513,64,9,151.75,69.25,180
D1283,2,514,64,10,151.75,70.75,180
D1284,2,515,64,11,151.75,72.25,180
D1285,2,516,64,12,151.75,73.75,180
D1286,2,517,64,13,151.75,75.25,180
D1287,2,518,64,14,151.75,76.75,180
D1288,2,519,64,15,151.75,78.25,180
D1289,2,520,65,15,153.25,78.25,0
D1290,2,521,65,14,153.25,76.75,0
D1291,2,522,65,13,153.25,75.25,0
D1292,2,523,65,12,153.25,73.75,0
D1293,2,524,65,11,153.25,72.25,0
D1294,2,525,65,10,153.25,70.75,0
D1295,2,526,65,9,153.25,69.25,0
D1296,2,527,65,8,153.25,67.75,0
D1297,2,528,66,8,154.75,67.75,180
D1298,2,529,66,9,154.75,69.25,180
D1299,2,530,66,10,154.75,70.75,180
D1300,2,531,66,11,154.75,72.25,180
D1301,2,532,66,12,154.75,73.75,180
D1302,2,533,66,13,154.75,75.25,180
D1303,2,534,66,14,154.75,76.75,180
D1304,2,535,66,15,154.75,78.25,180
D1305,2,536,67,15,156.25,78.25,0
D1306,2,537,67,14,156.25,76.75,0
D1307,2,538,67,13,156.25,75.25,0
D1308,2,539,67,12,156.25,73.75,0
D1309,2,540,67,11,156.25,72.25,0
D1310,2,541,67,10,156.25,70.75,0
D1311,2,542,67,9,156.25,69.25,0
D1312,2,543,67,8,156.25,67.75,0
D1313,2,544,68,8,157.75,67.75,180
D1314,2,545,68,9,157.75,69.25,180
D1315,2,546,68,10,157.75,70.75,180
D1316,2,547,68,11,157.75,72.25,180
D1317,2,548,68,12,157.75,73.75,180
D1318,2,549,68,13,157.75,75.25,180
D1319,2,550,68,14,157.75,76.75,180
D1320,2,551,68,15,157.75,78.25,180
D1321,2,552,69,15,159.25,78.25,0
D1322,2,553,69,14,159.25,76.75,0
D1323,2,554,69,13,159.25,75.25,0
D1324,2,555,69,12,159.25,73.75,0
D1325,2,556,69,11,159.25,72.25,0
D1326,2,557,69,10,159.25,70.75,0
D1327,2,558,69,9,159.25,69.25,0
D1328,2,559,69,8,159.25,67.75,0
D1329,2,560,70,8,160.75,67.75,180
D1330,2,561,70,9,160.75,69.25,180
D1331,2,562,70,10,160.75,70.75,180
D1332,2,563,70,11,160.75,72.25,180
D1333,2,564,70,12,160.75,73.75,180
D1334,2,565,70,13,160.75,75.25,180
D1335,2,566,70,14,160.75,76.75,180
D1336,2,567,70,15,160.75,78.25,180
D1337,2,568,71,15,162.25,78.25,0
D1338,2,569,71,14,162.25,76.75,0
D1339,2,570,71,13,162.25,75.25,0
D1340,2,571,71,12,162.25,73.75,0
D1341,2,572,71,11,162.25,72.25,0
D1342,2,573,71,10,162.25,70.75,0
D1343,2,574,71,9,162.25,69.25,0
D1344,2,575,71,8,162.25,67.75,0
D1345,2,576,72,8,163.75,67.75,180
D1346,2,577,72,9,163.75,69.25,180
D1347,2,578,72,10,163.75,70.75,180
D1348,2,579,72,11,163.75,72.25,180
D1349,2,580,72,12,163.75,73.75,180
D1350,2,581,72,13,163.75,75.25,180
D1351,2,582,72,14,163.75,76.75,180
D1352,2,583,72,15,163.75,78.25,180
D1353,2,584,73,15,165.25,78.25,0
D1354,2,585,73,14,165.25,76.75,0
D1355,2,586,73,13,165.25,75.25,0
D1356,2,587,73,12,165.25,73.75,0
D1357,2,588,73,11,165.25,72.25,0
D1358,2,589,73,10,165.25,70.75,0
D1359,2,590,73,9,165.25,69.25,0
D1360,2,591,73,8,165.25,67.75,0
D1361,2,592,74,8,166.75,67.75,180
D1362,2,593,74,9,166.75,69.25,180
D1363,2,594,74,10,166.75,70.75,180
D1364,2,595,74,11,166.75,72.25,180
D1365,2,596,74,12,166.75,73.75,180
D1366,2,597,74,13,166.75,75.25,180
D1367,2,598,74,14,166.75,76.75,180
D1368,2,599,74,15,166.75,78.25,180
D1369,2,600,75,15,168.25,78.25,0
D1370,2,601,75,14,168.25,76.75,0
D1371,2,602,75,13,168.25,75.25,0
D1372,2,603,75,12,168.25,73.75,0
D1373,2,604,75,11,168.25,72.25,0
D1374,2,605,75,10,168.25,70.75,0
D1375,2,606,75,9,168.25,69.25,0
D1376,2,607,75,8,168.25,67.75,0
D1377,2,608,76,8,169.75,67.75,180
D1378,2,609,76,9,169.75,69.25,180
D1379,2,610,76,10,169.75,70.75,180
D1380,2,611,76,11,169.75,72.25,180
D1381,2,612,76,12,169.75,73.75,180
D1382,2,613,76,13,169.75,75.25,180
D1383,2,614,76,14,169.75,76.75,180
D1384,2,615,76,15,169.75,78.25,180
D1385,2,616,77,15,171.25,78.25,0
D1386,2,617,77,14,171.25,76.75,0
D1387,2,618,77,13,171.25,75.25,0
D1388,2,619,77,12,171.25,73.75,0
D1389,2,620,77,11,171.25,72.25,0
D1390,2,621,77,10,171.25,70.75,0
D1391,2,622,77,9,171.25,69.25,0
D1392,2,623,77,8,171.25,67.75,0
D1393,2,624,78,8,172.75,67.75,180
D1394,2,625,78,9,172.75,69.25,180
D1395,2,626,78,10,172.75,70.75,180
D1396,2,627,78,11,172.75,72.25,180
D1397,2,628,78,12,172.75,73.75,180
D1398,2,629,78,13,172.75,75.25,180
D1399,2,630,78,14,172.75,76.75,180
D1400,2,631,78,15,172.75,78.25,180
D1401,2,632,79,15,174.25,78.25,0
D1402,2,633,79,14,174.25,76.75,0
D1403,2,634,79,13,174.25,75.25,0
D1404,2,635,79,12,174.25,73.75,0
D1405,2,636,79,11,174.25,72.25,0
D1406,2,637,79,10,174.25,70.75,0
D1407,2,638,79,9,174.25,69.25,0
D1408,2,639,79,8,174.25,67.75,0
D1409,2,640,80,8,175.75,67.75,180
D1410,2,641,80,9,175.75,69.25,180
D1411,2,642,80,10,175.75,70.75,180
D1412,2,643,80,11,175.75,72.25,180
D1413,2,644,80,12,175.75,73.75,180
D1414,2,645,80,13,175.75,75.25,180
D1415,2,646,80,14,175.75,76.75,180
D1416,2,647,80,15,175.75,78.25,180
D1417,2,648,81,15,177.25,78.25,0
D1418,2,649,81,14,177.25,76.75,0
D1419,2,650,81,13,177.25,75.25,0
D1420,2,651,81,12,177.25,73.75,0
D1421,2,652,81,11,177.25,72.25,0
D1422,2,653,81,10,177.25,70.75,0
D1423,2,654,81,9,177.25,69.25,0
D1424,2,655,81,8,177.25,67.75,0
D1425,2,656,82,8,178.75,67.75,180
D1426,2,657,82,9,178.75,69.25,180
D1427,2,658,82,10,178.75,70.75,180
D1428,2,659,82,11,178.75,72.25,180
D1429,2,660,82,12,178.75,73.75,180
D1430,2,661,82,13,178.75,75.25,180
D1431,2,662,82,14,178.75,76.75,180
D1432,2,663,82,15,178.75,78.25,180
D1433,2,664,83,15,180.25,78.25,0
D1434,2,665,83,14,180.25,76.75,0
D1435,2,666,83,13,180.25,75.25,0
D1436,2,667,83,12,180.25,73.75,0
D1437,2,668,83,11,180.25,72.25,0
D1438,2,669,83,10,180.25,70.75,0
D1439,2,670,83,9,180.25,69.25,0
D1440,2,671,83,8,180.25,67.75,0
D1441,2,672,84,8,181.75,67.75,180
D1442,2,673,84,9,181.75,69.25,180
D1443,2,674,84,10,181.75,70.75,180
D1444,2,675,84,11,181.75,72.25,180
D1445,2,676,84,12,181.75,73.75,180
D1446,2,677,84,13,181.75,75.25,180
D1447,2,678,84,14,181.75,76.75,180
D1448,2,679,84,15,181.75,78.25,180
D1449,2,680,85,15,183.25,78.25,0
D1450,2,681,85,14,183.25,76.75,0
D1451,2,682,85,13,183.25,75.25,0
D1452,2,683,85,12,183.25,73.75,0
D1453,2,684,85,11,183.25,72.25,0
D1454,2,685,85,10,183.25,70.75,0
D1455,2,686,85,9,183.25,69.25,0
D1456,2,687,85,8,183.25,67.75,0
D1457,2,688,86,8,184.75,67.75,180
D1458,2,689,86,9,184.75,69.25,180
D1459,2,690,86,10,184.75,70.75,180
D1460,2,691,86,11,184.75,72.25,180
D1461,2,692,86,12,184.75,73.75,180
D1462,2,693,86,13,184.75,75.25,180
D1463,2,694,86,14,184.75,76.75,180
D1464,2,695,86,15,184.75,78.25,180
D1465,2,696,87,15,186.25,78.25,0
D1466,2,697,87,14,186.25,76.75,0
D1467,2,698,87,13,186.25,75.25,0
D1468,2,699,87,12,186.25,73.75,0
D1469,2,700,87,11,186.25,72.25,0
D1470,2,701,87,10,186.25,70.75,0
D1471,2,702,87,9,186.25,69.25,0
D1472,2,703,87,8,186.25,67.75,0
D1473,2,704,88,8,187.75,67.75,180
D1474,2,705,88,9,187.75,69.25,180
D1475,2,706,88,10,187.75,70.75,180
D1476,2,707,88,11,187.75,72.25,180
D1477,2,708,88,12,187.75,73.75,180
D1478,2,709,88,13,187.75,75.25,180
D1479,2,710,88,14,187.75,76.75,180
D1480,2,711,88,15,187.75,78.25,180
D1481,2,712,89,15,189.25,78.25,0
D1482,2,713,89,14,189.25,76.75,0
D1483,2,714,89,13,189.25,75.25,0
D1484,2,715,89,12,189.25,73.75,0
D1485,2,716,89,11,189.25,72.25,0
D1486,2,717,89,10,189.25,70.75,0
D1487,2,718,89,9,189.25,69.25,0
D1488,2,719,89,8,189.25,67.75,0
D1489,2,720,90,8,190.75,67.75,180
D1490,2,721,90,9,190.75,69.25,180
D1491,2,722,90,10,190.75,70.75,180
D1492,2,723,90,11,190.75,72.25,180
D1493,2,724,90,12,190.75,73.75,180
D1494,2,725,90,13,190.75,75.25,180
D1495,2,726,90,14,190.75,76.75,180
D1496,2,727,90,15,190.75,78.25,180
D1497,2,728,91,15,192.25,78.25,0
D1498,2,729,91,14,192.25,76.75,0
D1499,2,730,91,13,192.25,75.25,0
D1500,2,731,91,12,192.25,73.75,0
D1501,2,732,91,11,192.25,72.25,0
D1502,2,733,91,10,192.25,70.75,0
D1503,2,734,91,9,192.25,69.25,0
D1504,2,735,91,8,192.25,67.75,0
D1505,2,736,92,8,193.75,67.75,180
D1506,2,737,92,9,193.75,69.25,180
D1507,2,738,92,10,193.75,70.75,180
D1508,2,739,92,11,193.75,72.25,180
D1509,2,740,92,12,193.75,73.75,180
D1510,2,741,92,13,193.75,75.25,180
D1511,2,742,92,14,193.75,76.75,180
D1512,2,743,92,15,193.75,78.25,180
D1513,2,744,93,15,195.25,78.25,0
D1514,2,745,93,14,195.25,76.75,0
D1515,2,746,93,13,195.25,75.25,0
D1516,2,747,93,12,195.25,73.75,0
D1517,2,748,93,11,195.25,72.25,0
D1518,2,749,93,10,195.25,70.75,0
D1519,2,750,93,9,195.25,69.25,0
D1520,2,751,93,8,195.25,67.75,0
D1521,2,752,94,8,196.75,67.75,180
D1522,2,753,94,9,196.75,69.25,180
D1523,2,754,94,10,196.75,70.75,180
D1524,2,755,94,11,196.75,72.25,180
D1525,2,756,94,12,196.75,73.75,180
D1526,2,757,94,13,196.75,75.25,180
D1527,2,758,94,14,196.75,76.75,180
D1528,2,759,94,15,196.75,78.25,180
D1529,2,760,95,15,198.25,78.25,0
D1530,2,761,95,14,198.25,76.75,0
D1531,2,762,95,13,198.25,75.25,0
D1532,2,763,95,12,198.25,73.75,0
D1533,2,764,95,11,198.25,72.25,0
D1534,2,765,95,10,198.25,70.75,0
D1535,2,766,95,9,198.25,69.25,0
D1536,2,767,95,8,198.25,67.75,0
D1537,3,0,0,16,55.75,79.75,180
D1538,3,1,0,17,55.75,81.25,180
D1539,3,2,0,18,55.75,82.75,180
D1540,3,3,0,19,55.75,84.25,180
D1541,3,4,0,20,55.75,85.75,180
D1542,3,5,0,21,55.75,87.25,180
D1543,3,6,0,22,55.75,88.75,180
D1544,3,7,0,23,55.75,90.25,180
D1545,3,8,1,23,57.25,90.25,0
D1546,3,9,1,22,57.25,88.75,0
D1547,3,10,1,21,57.25,87.25,0
D1548,3,11,1,20,57.25,85.75,0
D1549,3,12,1,19,57.25,84.25,0
D1550,3,13,1,18,57.25,82.75,0
D1551,3,14,1,17,57.25,81.25,0
D1552,3,15,1,16,57.25,79.75,0
D1553,3,16,2,16,58.75,79.75,180
D1554,3,17,2,17,58.75,81.25,180
D1555,3,18,2,18,58.75,82.75,180
D1556,3,19,2,19,58.75,84.25,180
D1557,3,20,2,20,58.75,85.75,180
D1558,3,21,2,21,58.75,87.25,180
D1559,3,22,2,22,58.75,88.75,180
D1560,3,23,2,23,58.75,90.25,180
D1561,3,24,3,23,60.25,90.25,0
D1562,3,25,3,22,60.25,88.75,0
D1563,3,26,3,21,60.25,87.25,0
D1564,3,27,3,20,60.25,85.75,0
D1565,3,28,3,19,60.25,84.25,0
D1566,3,29,3,18,60.25,82.75,0
D1567,3,30,3,17,60.25,81.25,0
D1568,3,31,3,16,60.25,79.75,0
D1569,3,32,4,16,61.75,79.75,180
D1570,3,33,4,17,61.75,81.25,180
D1571,3,34,4,18,61.75,82.75,180
D1572,3,35,4,19,61.75,84.25,180
D1573,3,36,4,20,61.75,85.75,180
D1574,3,37,4,21,61.75,87.25,180
D1575,3,38,4,22,61.75,88.75,180
D1576,3,39,4,23,61.75,90.25,180
D1577,3,40,5,23,63.25,90.25,0
D1578,3,41,5,22,63.25,88.75,0
D1579,3,42,5,21,63.25,87.25,0
D1580,3,43,5,20,63.25,85.75,0
D1581,3,44,5,19,63.25,84.25,0
D1582,3,45,5,18,63.25,82.75,0
D1583,3,46,5,17,63.25,81.25,0
D1584,3,47,5,16,63.25,79.75,0
D1585,3,48,6,16,64.75,79.75,180
D1586,3,49,6,17,64.75,81.25,180
D1587,3,50,6,18,64.75,82.75,180
D1588,3,51,6,19,64.75,84.25,180
D1589,3,52,6,20,64.75,85.75,180
D1590,3,53,6,21,64.75,87.25,180
D1591,3,54,6,22,64.75,88.75,180
D1592,3,55,6,23,64.75,90.25,180
D1593,3,56,7,23,66.25,90.25,0
D1594,3,57,7,22,66.25,88.75,0
D1595,3,58,7,21,66.25,87.25,0
D1596,3,59,7,20,66.25,85.75,0
D1597,3,60,7,19,66.25,84.25,0
D1598,3,61,7,18,66.25,82.75,0
D1599,3,62,7,17,66.25,81.25,0
D1600,3,63,7,16,66.25,79.75,0
D1601,3,64,8,16,67.75,79.75,180
D1602,3,65,8,17,67.75,81.25,180
D1603,3,66,8,18,67.75,82.75,180
D1604,3,67,8,19,67.75,84.25,180
D1605,3,68,8,20,67.75,85.75,180
D1606,3,69,8,21,67.75,87.25,180
D1607,3,70,8,22,67.75,88.75,180
D1608,3,71,8,23,67.75,90.25,180
D1609,3,72,9,23,69.25,90.25,0
D1610,3,73,9,22,69.25,88.75,0
D1611,3,74,9,21,69.25,87.25,0
D1612,3,75,9,20,69.25,85.75,0
D1613,3,76,9,19,69.25,84.25,0
D1614,3,77,9,18,69.25,82.75,0
D1615,3,78,9,17,69.25,81.25,0
D1616,3,79,9,16,69.25,79.75,0
D1617,3,80,10,16,70.75,79.75,180
D1618,3,81,10,17,70.75,81.25,180
D1619,3,82,10,18,70.75,82.75,180
D1620,3,83,10,19,70.75,84.25,180
D1621,3,84,10,20,70.75,85.75,180
D1622,3,85,10,21,70.75,87.25,180
D1623,3,86,10,22,70.75,88.75,180
D1624,3,87,10,23,70.75,90.25,180
D1625,3,88,11,23,72.25,90.25,0
D1626,3,89,11,22,72.25,88.75,0
D1627,3,90,11,21,72.25,87.25,0
D1628,3,91,11,20,72.25,85.75,0
D1629,3,92,11,19,72.25,84.25,0
D1630,3,93,11,18,72.25,82.75,0
D1631,3,94,11,17,72.25,81.25,0
D1632,3,95,11,16,72.25,79.75,0
D1633,3,96,12,16,73.75,79.75,180
D1634,3,97,12,17,73.75,81.25,180
D1635,3,98,12,18,73.75,82.75,180
D1636,3,99,12,19,73.75,84.25,180
D1637,3,100,12,20,73.75,85.75,180
D1638,3,101,12,21,73.75,87.25,180
D1639,3,102,12,22,73.75,88.75,180
D1640,3,103,12,23,73.75,90.25,180
D1641,3,104,13,23,75.25,90.25,0
D1642,3,105,13,22,75.25,88.75,0
D1643,3,106,13,21,75.25,87.25,0
D1644,3,107,13,20,75.25,85.75,0
D1645,3,108,13,19,75.25,84.25,0
D1646,3,109,13,18,75.25,82.75,0
D1647,3,110,13,17,75.25,81.25,0
D1648,3,111,13,16,75.25,79.75,0
D1649,3,112,14,16,76.75,79.75,180
D1650,3,113,14,17,76.75,81.25,180
D1651,3,114,14,18,76.75,82.75,180
D1652,3,115,14,19,76.75,84.25,180
D1653,3,116,14,20,76.75,85.75,180
D1654,3,117,14,21,76.75,87.25,180
D1655,3,118,14,22,76.75,88.75,180
D1656,3,119,14,23,76.75,90.25,180
D1657,3,120,15,23,78.25,90.25,0
D1658,3,121,15,22,78.25,88.75,0
D1659,3,122,15,21,78.25,87.25,0
D1660,3,123,15,20,78.25,85.75,0
D1661,3,124,15,19,78.25,84.25,0
D1662,3,125,15,18,78.25,82.75,0
D1663,3,126,15,17,78.25,81.25,0
D1664,3,127,15,16,78.25,79.75,0
D1665,3,128,16,16,79.75,79.75,180
D1666,3,129,16,17,79.75,81.25,180
D1667,3,130,16,18,79.75,82.75,180
D1668,3,131,16,19,79.75,84.25,180
D1669,3,132,16,20,79.75,85.75,180
D1670,3,133,16,21,79.75,87.25,180
D1671,3,134,16,22,79.75,88.75,180
D1672,3,135,16,23,79.75,90.25,180
D1673,3,136,17,23,81.25,90.25,0
D1674,3,137,17,22,81.25,88.75,0
D1675,3,138,17,21,81.25,87.25,0
D1676,3,139,17,20,81.25,85.75,0
D1677,3,140,17,19,81.25,84.25,0
D1678,3,141,17,18,81.25,82.75,0
D1679,3,142,17,17,81.25,81.25,0
D1680,3,143,17,16,81.25,79.75,0
D1681,3,144,18,16,82.75,79.75,180
D1682,3,145,18,17,82.75,81.25,180
D1683,3,146,18,18,82.75,82.75,180
D1684,3,147,18,19,82.75,84.25,180
D1685,3,148,18,20,82.75,85.75,180
D1686,3,149,18,21,82.75,87.25,180
D1687,3,150,18,22,82.75,88.75,180
D1688,3,151,18,23,82.75,90.25,180
D1689,3,152,19,23,84.25,90.25,0
D1690,3,153,19,22,84.25,88.75,0
D1691,3,154,19,21,84.25,87.25,0
D1692,3,155,19,20,84.25,85.75,0
D1693,3,156,19,19,84.25,84.25,0
D1694,3,157,19,18,84.25,82.75,0
D1695,3,158,19,17,84.25,81.25,0
D1696,3,159,19,16,84.25,79.75,0
D1697,3,160,20,16,85.75,79.75,180
D1698,3,161,20,17,85.75,81.25,180
D1699,3,162,20,18,85.75,82.75,180
D1700,3,163,20,19,85.75,84.25,180
D1701,3,164,20,20,85.75,85.75,180
D1702,3,165,20,21,85.75,87.25,180
D1703,3,166,20,22,85.75,88.75,180
D1704,3,167,20,23,85.75,90.25,180
D1705,3,168,21,23,87.25,90.25,0
D1706,3,169,21,22,87.25,88.75,0
D1707,3,170,21,21,87.25,87.25,0
D1708,3,171,21,20,87.25,85.75,0
D1709,3,172,21,19,87.25,84.25,0
D1710,3,173,21,18,87.25,82.75,0
D1711,3,174,21,17,87.25,81.25,0
D1712,3,175,21,16,87.25,79.75,0
D1713,3,176,22,16,88.75,79.75,180
D1714,3,177,22,17,88.75,81.25,180
D1715,3,178,22,18,88.75,82.75,180
D1716,3,179,22,19,88.75,84.25,180
D1717,3,180,22,20,88.75,85.75,180
D1718,3,181,22,21,88.75,87.25,180
D1719,3,182,22,22,88.75,88.75,180
D1720,3,183,22,23,88.75,90.25,180
D1721,3,184,23,23,90.25,90.25,0
D1722,3,185,23,22,90.25,88.75,0
D1723,3,186,23,21,90.25,87.25,0
D1724,3,187,23,20,90.25,85.75,0
D1725,3,188,23,19,90.25,84.25,0
D1726,3,189,23,18,90.25,82.75,0
D1727,3,190,23,17,90.25,81.25,0
D1728,3,191,23,16,90.25,79.75,0
D1729,3,192,24,16,91.75,79.75,180
D1730,3,193,24,17,91.75,81.25,180
D1731,3,194,24,18,91.75,82.75,180
D1732,3,195,24,19,91.75,84.25,180
D1733,3,196,24,20,91.75,85.75,180
D1734,3,197,24,21,91.75,87.25,180
D1735,3,198,24,22,91.75,88.75,180
D1736,3,199,24,23,91.75,90.25,180
D1737,3,200,25,23,93.25,90.25,0
D1738,3,201,25,22,93.25,88.75,0
D1739,3,202,25,21,93.25,87.25,0
D1740,3,203,25,20,93.25,85.75,0
D1741,3,204,25,19,93.25,84.25,0
D1742,3,205,25,18,93.25,82.75,0
D1743,3,206,25,17,93.25,81.25,0
D1744,3,207,25,16,93.25,79.75,0
D1745,3,208,26,16,94.75,79.75,180
D1746,3,209,26,17,94.75,81.25,180
D1747,3,210,26,18,94.75,82.75,180
D1748,3,211,26,19,94.75,84.25,180
D1749,3,212,26,20,94.75,85.75,180
D1750,3,213,26,21,94.75,87.25,180
D1751,3,214,26,22,94.75,88.75,180
D1752,3,215,26,23,94.75,90.25,180
D1753,3,216,27,23,96.25,90.25,0
D1754,3,217,27,22,96.25,88.75,0
D1755,3,218,27,21,96.25,87.25,0
D1756,3,219,27,20,96.25,85.75,0
D1757,3,220,27,19,96.25,84.25,0
D1758,3,221,27,18,96.25,82.75,0
D1759,3,222,27,17,96.25,81.25,0
D1760,3,223,27,16,96.25,79.75,0
D1761,3,224,28,16,97.75,79.75,180
D1762,3,225,28,17,97.75,81.25,180
D1763,3,226,28,18,97.75,82.75,180
D1764,3,227,28,19,97.75,84.25,180
D1765,3,228,28,20,97.75,85.75,180
D1766,3,229,28,21,97.75,87.25,180
D1767,3,230,28,22,97.75,88.75,180
D1768,3,231,28,23,97.75,90.25,180
D1769,3,232,29,23,99.25,90.25,0
D1770,3,233,29,22,99.25,88.75,0
D1771,3,234,29,21,99.25,87.25,0
D1772,3,235,29,20,99.25,85.75,0
D1773,3,236,29,19,99.25,84.25,0
D1774,3,237,29,18,99.25,82.75,0
D1775,3,238,29,17,99.25,81.25,0
D1776,3,239,29,16,99.25,79.75,0
D1777,3,240,30,16,100.75,79.75,180
D1778,3,241,30,17,100.75,81.25,180
D1779,3,242,30,18,100.75,82.75,180
D1780,3,243,30,19,100.75,84.25,180
D1781,3,244,30,20,100.75,85.75,180
D1782,3,245,30,21,100.75,87.25,180
D1783,3,246,30,22,100.75,88.75,180
D1784,3,247,30,23,100.75,90.25,180
D1785,3,248,31,23,102.25,90.25,0
D1786,3,249,31,22,102.25,88.75,0
D1787,3,250,31,21,102.25,87.25,0
D1788,3,251,31,20,102.25,85.75,0
D1789,3,252,31,19,102.25,84.25,0
D1790,3,253,31,18,102.25,82.75,0
D1791,3,254,31,17,102.25,81.25,0
D1792,3,255,31,16,102.25,79.75,0
D1793,3,256,32,16,103.75,79.75,180
D1794,3,257,32,17,103.75,81.25,180
D1795,3,258,32,18,103.75,82.75,180
D1796,3,259,32,19,103.75,84.25,180
D1797,3,260,32,20,103.75,85.75,180
D1798,3,261,32,21,103.75,87.25,180
D1799,3,262,32,22,103.75,88.75,180
D1800,3,263,32,23,103.75,90.25,180
D1801,3,264,33,23,105.25,90.25,0
D1802,3,265,33,22,105.25,88.75,0
D1803,3,266,33,21,105.25,87.25,0
D1804,3,267,33,20,105.25,85.75,0
D1805,3,268,33,19,105.25,84.25,0
D1806,3,269,33,18,105.25,82.75,0
D1807,3,270,33,17,105.25,81.25,0
D1808,3,271,33,16,105.25,79.75,0
D1809,3,272,34,16,106.75,79.75,180
D1810,3,273,34,17,106.75,81.25,180
D1811,3,274,34,18,106.75,82.75,180
D1812,3,275,34,19,106.75,84.25,180
D1813,3,276,34,20,106.75,85.75,180
D1814,3,277,34,21,106.75,87.25,180
D1815,3,278,34,22,106.75,88.75,180
D1816,3,279,34,23,106.75,90.25,180
D1817,3,280,35,23,108.25,90.25,0
D1818,3,281,35,22,108.25,88.75,0
D1819,3,282,35,21,108.25,87.25,0
D1820,3,283,35,20,108.25,85.75,0
D1821,3,284,35,19,108.25,84.25,0
D1822,3,285,35,18,108.25,82.75,0
D1823,3,286,35,17,108.25,81.25,0
D1824,3,287,35,16,108.25,79.75,0
D1825,3,288,36,16,109.75,79.75,180
D1826,3,289,36,17,109.75,81.25,180
D1827,3,290,36,18,109.75,82.75,180
D1828,3,291,36,19,109.75,84.25,180
D1829,3,292,36,20,109.75,85.75,180
D1830,3,293,36,21,109.75,87.25,180
D1831,3,294,36,22,109.75,88.75,180
D1832,3,295,36,23,109.75,90.25,180
D1833,3,296,37,23,111.25,90.25,0
D1834,3,297,37,22,111.25,88.75,0
D1835,3,298,37,21,111.25,87.25,0
D1836,3,299,37,20,111.25,85.75,0
D1837,3,300,37,19,111.25,84.25,0
D1838,3,301,37,18,111.25,82.75,0
D1839,3,302,37,17,111.25,81.25,0
D1840,3,303,37,16,111.25,79.75,0
D1841,3,304,38,16,112.75,79.75,180
D1842,3,305,38,17,112.75,81.25,180
D1843,3,306,38,18,112.75,82.75,180
D1844,3,307,38,19,112.75,84.25,180
D1845,3,308,38,20,112.75,85.75,180
D1846,3,309,38,21,112.75,87.25,180
D1847,3,310,38,22,112.75,88.75,180
D1848,3,311,38,23,112.75,90.25,180
D1849,3,312,39,23,114.25,90.25,0
D1850,3,313,39,22,114.25,88.75,0
D1851,3,314,39,21,114.25,87.25,0
D1852,3,315,39,20,114.25,85.75,0
D1853,3,316,39,19,114.25,84.25,0
D1854,3,317,39,18,114.25,82.75,0
D1855,3,318,39,17,114.25,81.25,0
D1856,3,319,39,16,114.25,79.75,0
D1857,3,320,40,16,115.75,79.75,180
D1858,3,321,40,17,115.75,81.25,180
D1859,3,322,40,18,115.75,82.75,180
D1860,3,323,40,19,115.75,84.25,180
D1861,3,324,40,20,115.75,85.75,180
D1862,3,325,40,21,115.75,87.25,180
D1863,3,326,40,22,115.75,88.75,180
D1864,3,327,40,23,115.75,90.25,180
D1865,3,328,41,23,117.25,90.25,0
D1866,3,329,41,22,117.25,88.75,0
D1867,3,330,41,21,117.25,87.25,0
D1868,3,331,41,20,117.25,85.75,0
D1869,3,332,41,19,117.25,84.25,0
D1870,3,333,41,18,117.25,82.75,0
D1871,3,334,41,17,117.25,81.25,0
D1872,3,335,41,16,117.25,79.75,0
D1873,3,336,42,16,118.75,79.75,180
D1874,3,337,42,17,118.75,81.25,180
D1875,3,338,42,18,118.75,82.75,180
D1876,3,339,42,19,118.75,84.25,180
D1877,3,340,42,20,118.75,85.75,180
D1878,3,341,42,21,118.75,87.25,180
D1879,3,342,42,22,118.75,88.75,180
D1880,3,343,42,23,118.75,90.25,180
D1881,3,344,43,23,120.25,90.25,0
D1882,3,345,43,22,120.25,88.75,0
D1883,3,346,43,21,120.25,87.25,0
D1884,3,347,43,20,120.25,85.75,0
D1885,3,348,43,19,120.25,84.25,0
D1886,3,349,43,18,120.25,82.75,0
D1887,3,350,43,17,120.25,81.25,0
D1888,3,351,43,16,120.25,79.75,0
D1889,3,352,44,16,121.75,79.75,180
D1890,3,353,44,17,121.75,81.25,180
D1891,3,354,44,18,121.75,82.75,180
D1892,3,355,44,19,121.75,84.25,180
D1893,3,356,44,20,121.75,85.75,180
D1894,3,357,44,21,121.75,87.25,180
D1895,3,358,44,22,121.75,88.75,180
D1896,3,359,44,23,121.75,90.25,180
D1897,3,360,45,23,123.25,90.25,0
D1898,3,361,45,22,123.25,88.75,0
D1899,3,362,45,21,123.25,87.25,0
D1900,3,363,45,20,123.25,85.75,0
D1901,3,364,45,19,123.25,84.25,0
D1902,3,365,45,18,123.25,82.75,0
D1903,3,366,45,17,123.25,81.25,0
D1904,3,367,45,16,123.25,79.75,0
D1905,3,368,46,16,124.75,79.75,180
D1906,3,369,46,17,124.75,81.25,180
D1907,3,370,46,18,124.75,82.75,180
D1908,3,371,46,19,124.75,84.25,180
D1909,3,372,46,20,124.75,85.75,180
D1910,3,373,46,21,124.75,87.25,180
D1911,3,374,46,22,124.75,88.75,180
D1912,3,375,46,23,124.75,90.25,180
D1913,3,376,47,23,126.25,90.25,0
D1914,3,377,47,22,126.25,88.75,0
D1915,3,378,47,21,126.25,87.25,0
D1916,3,379,47,20,126.25,85.75,0
D1917,3,380,47,19,126.25,84.25,0
D1918,3,381,47,18,126.25,82.75,0
D1919,3,382,47,17,126.25,81.25,0
D1920,3,383,47,16,126.25,79.75,0
D1921,3,384,48,16,127.75,79.75,180
D1922,3,385,48,17,127.75,81.25,180
D1923,3,386,48,18,127.75,82.75,180
D1924,3,387,48,19,127.75,84.25,180
D1925,3,388,48,20,127.75,85.75,180
D1926,3,389,48,21,127.75,87.25,180
D1927,3,390,48,22,127.75,88.75,180
D1928,3,391,48,23,127.75,90.25,180
D1929,3,392,49,23,129.25,90.25,0
D1930,3,393,49,22,129.25,88.75,0
D1931,3,394,49,21,129.25,87.25,0
D1932,3,395,49,20,129.25,85.75,0
D1933,3,396,49,19,129.25,84.25,0
D1934,3,397,49,18,129.25,82.75,0
D1935,3,398,49,17,129.25,81.25,0
D1936,3,399,49,16,129.25,79.75,0
D1937,3,400,50,16,130.75,79.75,180
D1938,3,401,50,17,130.75,81.25,180
D1939,3,402,50,18,130.75,82.75,180
D1940,3,403,50,19,130.75,84.25,180
D1941,3,404,50,20,130.75,85.75,180
D1942,3,405,50,21,130.75,87.25,180
D1943,3,406,50,22,130.75,88.75,180
D1944,3,407,50,23,130.75,90.25,180
D1945,3,408,51,23,132.25,90.25,0
D1946,3,409,51,22,132.25,88.75,0
D1947,3,410,51,21,132.25,87.25,0
D1948,3,411,51,20,132.25,85.75,0
D1949,3,412,51,19,132.25,84.25,0
D1950,3,413,51,18,132.25,82.75,0
D1951,3,414,51,17,132.25,81.25,0
D1952,3,415,51,16,132.25,79.75,0
D1953,3,416,52,16,133.75,79.75,180
D1954,3,417,52,17,133.75,81.25,180
D1955,3,418,52,18,133.75,82.75,180
D1956,3,419,52,19,133.75,84.25,180
D1957,3,420,52,20,133.75,85.75,180
D1958,3,421,52,21,133.75,87.25,180
D1959,3,422,52,22,133.75,88.75,180
D1960,3,423,52,23,133.75,90.25,180
D1961,3,424,53,23,135.25,90.25,0
D1962,3,425,53,22,135.25,88.75,0
D1963,3,426,53,21,135.25,87.25,0
D1964,3,427,53,20,135.25,85.75,0
D1965,3,428,53,19,135.25,84.25,0
D1966,3,429,53,18,135.25,82.75,0
D1967,3,430,53,17,135.25,81.25,0
D1968,3,431,53,16,135.25,79.75,0
D1969,3,432,54,16,136.75,79.75,180
D1970,3,433,54,17,136.75,81.25,180
D1971,3,434,54,18,136.75,82.75,180
D1972,3,435,54,19,136.75,84.25,180
D1973,3,436,54,20,136.75,85.75,180
D1974,3,437,54,21,136.75,87.25,180
D1975,3,438,54,22,136.75,88.75,180
D1976,3,439,54,23,136.75,90.25,180
D1977,3,440,55,23,138.25,90.25,0
D1978,3,441,55,22,138.25,88.75,0
D1979,3,442,55,21,138.25,87.25,0
D1980,3,443,55,20,138.25,85.75,0
D1981,3,444,55,19,138.25,84.25,0
D1982,3,445,55,18,138.25,82.75,0
D1983,3,446,55,17,138.25,81.25,0
D1984,3,447,55,16,138.25,79.75,0
D1985,3,448,56,16,139.75,79.75,180
D1986,3,449,56,17,139.75,81.25,180
D1987,3,450,56,18,139.75,82.75,180
D1988,3,451,56,19,139.75,84.25,180
D1989,3,452,56,20,139.75,85.75,180
D1990,3,453,56,21,139.75,87.25,180
D1991,3,454,56,22,139.75,88.75,180
D1992,3,455,56,23,139.75,90.25,180
D1993,3,456,57,23,141.25,90.25,0
D1994,3,457,57,22,141.25,88.75,0
D1995,3,458,57,21,141.25,87.25,0
D1996,3,459,57,20,141.25,85.75,0
D1997,3,460,57,19,141.25,84.25,0
D1998,3,461,57,18,141.25,82.75,0
D1999,3,462,57,17,141.25,81.25,0
D2000,3,463,57,16,141.25,79.75,0
D2001,3,464,58,16,142.75,79.75,180
D2002,3,465,58,17,142.75,81.25,180
D2003,3,466,58,18,142.75,82.75,180
D2004,3,467,58,19,142.75,84.25,180
D2005,3,468,58,20,142.75,85.75,180
D2006,3,469,58,21,142.75,87.25,180
D2007,3,470,58,22,142.75,88.75,180
D2008,3,471,58,23,142.75,90.25,180
D2009,3,472,59,23,144.25,90.25,0
D2010,3,473,59,22,144.25,88.75,0
D2011,3,474,59,21,144.25,87.25,0
D2012,3,475,59,20,144.25,85.75,0
D2013,3,476,59,19,144.25,84.25,0
D2014,3,477,59,18,144.25,82.75,0
D2015,3,478,59,17,144.25,81.25,0
D2016,3,479,59,16,144.25,79.75,0
D2017,3,480,60,16,145.75,79.75,180
D2018,3,481,60,17,145.75,81.25,180
D2019,3,482,60,18,145.75,82.75,180
D2020,3,483,60,19,145.75,84.25,180
D2021,3,484,60,20,145.75,85.75,180
D2022,3,485,60,21,145.75,87.25,180
D2023,3,486,60,22,145.75,88.75,180
D2024,3,487,60,23,145.75,90.25,180
D2025,3,488,61,23,147.25,90.25,0
D2026,3,489,61,22,147.25,88.75,0
D2027,3,490,61,21,147.25,87.25,0
D2028,3,491,61,20,147.25,85.75,0
D2029,3,492,61,19,147.25,84.25,0
D2030,3,493,61,18,147.25,82.75,0
D2031,3,494,61,17,147.25,81.25,0
D2032,3,495,61,16,147.25,79.75,0
D2033,3,496,62,16,148.75,79.75,180
D2034,3,497,62,17,148.75,81.25,180
D2035,3,498,62,18,148.75,82.75,180
D2036,3,499,62,19,148.75,84.25,180
D2037,3,500,62,20,148.75,85.75,180
D2038,3,501,62,21,148.75,87.25,180
D2039,3,502,62,22,148.75,88.75,180
D2040,3,503,62,23,148.75,90.25,180
D2041,3,504,63,23,150.25,90.25,0
D2042,3,505,63,22,150.25,88.75,0
D2043,3,506,63,21,150.25,87.25,0
D2044,3,507,63,20,150.25,85.75,0
D2045,3,508,63,19,150.25,84.25,0
D2046,3,509,63,18,150.25,82.75,0
D2047,3,510,63,17,150.25,81.25,0
D2048,3,511,63,16,150.25,79.75,0
D2049,3,512,64,16,151.75,79.75,180
D2050,3,513,64,17,151.75,81.25,180
D2051,3,514,64,18,151.75,82.75,180
D2052,3,515,64,19,151.75,84.25,180
D2053,3,516,64,20,151.75,85.75,180
D2054,3,517,64,21,151.75,87.25,180
D2055,3,518,64,22,151.75,88.75,180
D2056,3,519,64,23,151.75,90.25,180
D2057,3,520,65,23,153.25,90.25,0
D2058,3,521,65,22,153.25,88.75,0
D2059,3,522,65,21,153.25,87.25,0
D2060,3,523,65,20,153.25,85.75,0
D2061,3,524,65,19,153.25,84.25,0
D2062,3,525,65,18,153.25,82.75,0
D2063,3,526,65,17,153.25,81.25,0
D2064,3,527,65,16,153.25,79.75,0
D2065,3,528,66,16,154.75,79.75,180
D2066,3,529,66,17,154.75,81.25,180
D2067,3,530,66,18,154.75,82.75,180
D2068,3,531,66,19,154.75,84.25,180
D2069,3,532,66,20,154.75,85.75,180
D2070,3,533,66,21,154.75,87.25,180
D2071,3,534,66,22,154.75,88.75,180
D2072,3,535,66,23,154.75,90.25,180
D2073,3,536,67,23,156.25,90.25,0
D2074,3,537,67,22,156.25,88.75,0
D2075,3,538,67,21,156.25,87.25,0
D2076,3,539,67,20,156.25,85.75,0
D2077,3,540,67,19,156.25,84.25,0
D2078,3,541,67,18,156.25,82.75,0
D2079,3,542,67,17,156.25,81.25,0
D2080,3,543,67,16,156.25,79.75,0
D2081,3,544,68,16,157.75,79.75,180
D2082,3,545,68,17,157.75,81.25,180
D2083,3,546,68,18,157.75,82.75,180
D2084,3,547,68,19,157.75,84.25,180
D2085,3,548,68,20,157.75,85.75,180
D2086,3,549,68,21,157.75,87.25,180
D2087,3,550,68,22,157.75,88.75,180
D2088,3,551,68,23,157.75,90.25,180
D2089,3,552,69,23,159.25,90.25,0
D2090,3,553,69,22,159.25,88.75,0
D2091,3,554,69,21,159.25,87.25,0
D2092,3,555,69,20,159.25,85.75,0
D2093,3,556,69,19,159.25,84.25,0
D2094,3,557,69,18,159.25,82.75,0
D2095,3,558,69,17,159.25,81.25,0
D2096,3,559,69,16,159.25,79.75,0
D2097,3,560,70,16,160.75,79.75,180
D2098,3,561,70,17,160.75,81.25,180
D2099,3,562,70,18,160.75,82.75,180
D2100,3,563,70,19,160.75,84.25,180
D2101,3,564,70,20,160.75,85.75,180
D2102,3,565,70,21,160.75,87.25,180
D2103,3,566,70,22,160.75,88.75,180
D2104,3,567,70,23,160.75,90.25,180
D2105,3,568,71,23,162.25,90.25,0
D2106,3,569,71,22,162.25,88.75,0
D2107,3,570,71,21,162.25,87.25,0
D2108,3,571,71,20,162.25,85.75,0
D2109,3,572,71,19,162.25,84.25,0
D2110,3,573,71,18,162.25,82.75,0
D2111,3,574,71,17,162.25,81.25,0
D2112,3,575,71,16,162.25,79.75,0
D2113,3,576,72,16,163.75,79.75,180
D2114,3,577,72,17,163.75,81.25,180
D2115,3,578,72,18,163.75,82.75,180
D2116,3,579,72,19,163.75,84.25,180
D2117,3,580,72,20,163.75,85.75,180
D2118,3,581,72,21,163.75,87.25,180
D2119,3,582,72,22,163.75,88.75,180
D2120,3,583,72,23,163.75,90.25,180
D2121,3,584,73,23,165.25,90.25,0
D2122,3,585,73,22,165.25,88.75,0
D2123,3,586,73,21,165.25,87.25,0
D2124,3,587,73,20,165.25,85.75,0
D2125,3,588,73,19,165.25,84.25,0
D2126,3,589,73,18,165.25,82.75,0
D2127,3,590,73,17,165.25,81.25,0
D2128,3,591,73,16,165.25,79.75,0
D2129,3,592,74,16,166.75,79.75,180
D2130,3,593,74,17,166.75,81.25,180
D2131,3,594,74,18,166.75,82.75,180
D2132,3,595,74,19,166.75,84.25,180
D2133,3,596,74,20,166.75,85.75,180
D2134,3,597,74,21,166.75,87.25,180
D2135,3,598,74,22,166.75,88.75,180
D2136,3,599,74,23,166.75,90.25,180
D2137,3,600,75,23,168.25,90.25,0
D2138,3,601,75,22,168.25,88.75,0
D2139,3,602,75,21,168.25,87.25,0
D2140,3,603,75,20,168.25,85.75,0
D2141,3,604,75,19,168.25,84.25,0
D2142,3,605,75,18,168.25,82.75,0
D2143,3,606,75,17,168.25,81.25,0
D2144,3,607,75,16,168.25,79.75,0
D2145,3,608,76,16,169.75,79.75,180
D2146,3,609,76,17,169.75,81.25,180
D2147,3,610,76,18,169.75,82.75,180
D2148,3,611,76,19,169.75,84.25,180
D2149,3,612,76,20,169.75,85.75,180
D2150,3,613,76,21,169.75,87.25,180
D2151,3,614,76,22,169.75,88.75,180
D2152,3,615,76,23,169.75,90.25,180
D2153,3,616,77,23,171.25,90.25,0
D2154,3,617,77,22,171.25,88.75,0
D2155,3,618,77,21,171.25,87.25,0
D2156,3,619,77,20,171.25,85.75,0
D2157,3,620,77,19,171.25,84.25,0
D2158,3,621,77,18,171.25,82.75,0
D2159,3,622,77,17,171.25,81.25,0
D2160,3,623,77,16,171.25,79.75,0
D2161,3,624,78,16,172.75,79.75,180
D2162,3,625,78,17,172.75,81.25,180
D2163,3,626,78,18,172.75,82.75,180
D2164,3,627,78,19,172.75,84.25,180
D2165,3,628,78,20,172.75,85.75,180
D2166,3,629,78,21,172.75,87.25,180
D2167,3,630,78,22,172.75,88.75,180
D2168,3,631,78,23,172.75,90.25,180
D2169,3,632,79,23,174.25,90.25,0
D2170,3,633,79,22,174.25,88.75,0
D2171,3,634,79,21,174.25,87.25,0
D2172,3,635,79,20,174.25,85.75,0
D2173,3,636,79,19,174.25,84.25,0
D2174,3,637,79,18,174.25,82.75,0
D2175,3,638,79,17,174.25,81.25,0
D2176,3,639,79,16,174.25,79.75,0
D2177,3,640,80,16,175.75,79.75,180
D2178,3,641,80,17,175.75,81.25,180
D2179,3,642,80,18,175.75,82.75,180
D2180,3,643,80,19,175.75,84.25,180
D2181,3,644,80,20,175.75,85.75,180
D2182,3,645,80,21,175.75,87.25,180
D2183,3,646,80,22,175.75,88.75,180
D2184,3,647,80,23,175.75,90.25,180
D2185,3,648,81,23,177.25,90.25,0
D2186,3,649,81,22,177.25,88.75,0
D2187,3,650,81,21,177.25,87.25,0
D2188,3,651,81,20,177.25,85.75,0
D2189,3,652,81,19,177.25,84.25,0
D2190,3,653,81,18,177.25,82.75,0
D2191,3,654,81,17,177.25,81.25,0
D2192,3,655,81,16,177.25,79.75,0
D2193,3,656,82,16,178.75,79.75,180
D2194,3,657,82,17,178.75,81.25,180
D2195,3,658,82,18,178.75,82.75,180
D2196,3,659,82,19,178.75,84.25,180
D2197,3,660,82,20,178.75,85.75,180
D2198,3,661,82,21,178.75,87.25,180
D2199,3,662,82,22,178.75,88.75,180
D2200,3,663,82,23,178.75,90.25,180
D2201,3,664,83,23,180.25,90.25,0
D2202,3,665,83,22,180.25,88.75,0
D2203,3,666,83,21,180.25,87.25,0
D2204,3,667,83,20,180.25,85.75,0
D2205,3,668,83,19,180.25,84.25,0
D2206,3,669,83,18,180.25,82.75,0
D2207,3,670,83,17,180.25,81.25,0
D2208,3,671,83,16,180.25,79.75,0
D2209,3,672,84,16,181.75,79.75,180
D2210,3,673,84,17,181.75,81.25,180
D2211,3,674,84,18,181.75,82.75,180
D2212,3,675,84,19,181.75,84.25,180
D2213,3,676,84,20,181.75,85.75,180
D2214,3,677,84,21,181.75,87.25,180
D2215,3,678,84,22,181.75,88.75,180
D2216,3,679,84,23,181.75,90.25,180
D2217,3,680,85,23,183.25,90.25,0
D2218,3,681,85,22,183.25,88.75,0
D2219,3,682,85,21,183.25,87.25,0
D2220,3,683,85,20,183.25,85.75,0
D2221,3,684,85,19,183.25,84.25,0
D2222,3,685,85,18,183.25,82.75,0
D2223,3,686,85,17,183.25,81.25,0
D2224,3,687,85,16,183.25,79.75,0
D2225,3,688,86,16,184.75,79.75,180
D2226,3,689,86,17,184.75,81.25,180
D2227,3,690,86,18,184.75,82.75,180
D2228,3,691,86,19,184.75,84.25,180
D2229,3,692,86,20,184.75,85.75,180
D2230,3,693,86,21,184.75,87.25,180
D2231,3,694,86,22,184.75,88.75,180
D2232,3,695,86,23,184.75,90.25,180
D2233,3,696,87,23,186.25,90.25,0
D2234,3,697,87,22,186.25,88.75,0
D2235,3,698,87,21,186.25,87.25,0
D2236,3,699,87,20,186.25,85.75,0
D2237,3,700,87,19,186.25,84.25,0
D2238,3,701,87,18,186.25,82.75,0
D2239,3,702,87,17,186.25,81.25,0
D2240,3,703,87,16,186.25,79.75,0
D2241,3,704,88,16,187.75,79.75,180
D2242,3,705,88,17,187.75,81.25,180
D2243,3,706,88,18,187.75,82.75,180
D2244,3,707,88,19,187.75,84.25,180
D2245,3,708,88,20,187.75,85.75,180
D2246,3,709,88,21,187.75,87.25,180
D2247,3,710,88,22,187.75,88.75,180
D2248,3,711,88,23,187.75,90.25,180
D2249,3,712,89,23,189.25,90.25,0
D2250,3,713,89,22,189.25,88.75,0
D2251,3,714,89,21,189.25,87.25,0
D2252,3,715,89,20,189.25,85.75,0
D2253,3,716,89,19,189.25,84.25,0
D2254,3,717,89,18,189.25,82.75,0
D2255,3,718,89,17,189.25,81.25,0
D2256,3,719,89,16,189.25,79.75,0
D2257,3,720,90,16,190.75,79.75,180
D2258,3,721,90,17,190.75,81.25,180
D2259,3,722,90,18,190.75,82.75,180
D2260,3,723,90,19,190.75,84.25,180
D2261,3,724,90,20,190.75,85.75,180
D2262,3,725,90,21,190.75,87.25,180
D2263,3,726,90,22,190.75,88.75,180
D2264,3,727,90,23,190.75,90.25,180
D2265,3,728,91,23,192.25,90.25,0
D2266,3,729,91,22,192.25,88.75,0
D2267,3,730,91,21,192.25,87.25,0
D2268,3,731,91,20,192.25,85.75,0
D2269,3,732,91,19,192.25,84.25,0
D2270,3,733,91,18,192.25,82.75,0
D2271,3,734,91,17,192.25,81.25,0
D2272,3,735,91,16,192.25,79.75,0
D2273,3,736,92,16,193.75,79.75,180
D2274,3,737,92,17,193.75,81.25,180
D2275,3,738,92,18,193.75,82.75,180
D2276,3,739,92,19,193.75,84.25,180
D2277,3,740,92,20,193.75,85.75,180
D2278,3,741,92,21,193.75,87.25,180
D2279,3,742,92,22,193.75,88.75,180
D2280,3,743,92,23,193.75,90.25,180
D2281,3,744,93,23,195.25,90.25,0
D2282,3,745,93,22,195.25,88.75,0
D2283,3,746,93,21,195.25,87.25,0
D2284,3,747,93,20,195.25,85.75,0
D2285,3,748,93,19,195.25,84.25,0
D2286,3,749,93,18,195.25,82.75,0
D2287,3,750,93,17,195.25,81.25,0
D2288,3,751,93,16,195.25,79.75,0
D2289,3,752,94,16,196.75,79.75,180
D2290,3,753,94,17,196.75,81.25,180
D2291,3,754,94,18,196.75,82.75,180
D2292,3,755,94,19,196.75,84.25,180
D2293,3,756,94,20,196.75,85.75,180
D2294,3,757,94,21,196.75,87.25,180
D2295,3,758,94,22,196.75,88.75,180
D2296,3,759,94,23,196.75,90.25,180
D2297,3,760,95,23,198.25,90.25,0
D2298,3,761,95,22,198.25,88.75,0
D2299,3,762,95,21,198.25,87.25,0
D2300,3,763,95,20,198.25,85.75,0
D2301,3,764,95,19,198.25,84.25,0
D2302,3,765,95,18,198.25,82.75,0
D2303,3,766,95,17,198.25,81.25,0
D2304,3,767,95,16,198.25,79.75,0
