reference,row,column,x_mm,y_mm,rotation_deg
DS1,1,1,61.75,65,90
DS2,1,2,75.25,65,90
DS3,1,3,88.75,65,90
DS4,1,4,102.25,65,90
DS5,1,5,115.75,65,90
DS6,1,6,129.25,65,90
DS7,1,7,142.75,65,90
DS8,1,8,156.25,65,90
DS9,1,9,169.75,65,90
DS10,1,10,183.25,65,90
DS11,1,11,196.75,65,90
DS12,1,12,210.25,65,90
DS13,1,13,223.75,65,90
DS14,1,14,237.25,65,90
DS15,1,15,250.75,65,90
DS16,1,16,264.25,65,90
DS17,2,1,61.75,87,90
DS18,2,2,75.25,87,90
DS19,2,3,88.75,87,90
DS20,2,4,102.25,87,90
DS21,2,5,115.75,87,90
DS22,2,6,129.25,87,90
DS23,2,7,142.75,87,90
DS24,2,8,156.25,87,90
DS25,2,9,169.75,87,90
DS26,2,10,183.25,87,90
DS27,2,11,196.75,87,90
DS28,2,12,210.25,87,90
DS29,2,13,223.75,87,90
DS30,2,14,237.25,87,90
DS31,2,15,250.75,87,90
DS32,2,16,264.25,87,90
DS33,3,1,61.75,109,90
DS34,3,2,75.25,109,90
DS35,3,3,88.75,109,90
DS36,3,4,102.25,109,90
DS37,3,5,115.75,109,90
DS38,3,6,129.25,109,90
DS39,3,7,142.75,109,90
DS40,3,8,156.25,109,90
DS41,3,9,169.75,109,90
DS42,3,10,183.25,109,90
DS43,3,11,196.75,109,90
DS44,3,12,210.25,109,90
DS45,3,13,223.75,109,90
DS46,3,14,237.25,109,90
DS47,3,15,250.75,109,90
DS48,3,16,264.25,109,90
